Senior Frontend Engineer,http://stackoverflow.com//jobs/417818/senior-frontend-engineer-eezy-llc,"Eezy, LLC","Bowling Green, KY"
Front End: CSS Styling Specialist and Drupal Themer,http://stackoverflow.com//jobs/430811/front-end-css-styling-specialist-and-drupal-compucorp,Compucorp,"London, UK"
Lead Software Developer (Capital Markets exp.),http://stackoverflow.com//jobs/420135/lead-software-developer-capital-markets-exp-compliance-solutions,Compliance Solutions Strategies,No office location
Senior Full-Stack Developer (JavaScript) - 100% remote,http://stackoverflow.com//jobs/168157/senior-full-stack-developer-javascript-100-disy-informationssysteme-gmbh,Disy Informationssysteme GmbH,No office location
Frontend-Entwickler (m/w/d),http://stackoverflow.com//jobs/430751/frontend-entwickler-m-w-d-onoffice-gmbh,onOffice GmbH,"Aachen, Deutschland"
Front-End Software Engineer - Global Health Data Platform,http://stackoverflow.com//jobs/147424/front-end-software-engineer-global-health-data-dhis2,DHIS2,"Oslo, Norway"
Software Engineer VR/AR,http://stackoverflow.com//jobs/422690/software-engineer-vr-ar-swivel,Swivel,"Austin, TX"
Senior Front-end Engineer,http://stackoverflow.com//jobs/428579/senior-front-end-engineer-hubstaff,Hubstaff,No office location
Frontend Developer e-Commerce (f/m/d) (based in Germany),http://stackoverflow.com//jobs/240569/frontend-developer-e-commerce-f-m-d-based-in-lillydoo-gmbh,LILLYDOO GmbH,No office location
Elm Frontend Developer (m/f/d) Functional Programming,http://stackoverflow.com//jobs/393093/elm-frontend-developer-m-f-d-functional-snapview-gmbh,Snapview GmbH,"M√ºnchen, Deutschland"
Frontend Developer - Vue.js (m/f/x),http://stackoverflow.com//jobs/424273/frontend-developer-vuejs-m-f-x-refurbed,refurbed,No office location
Software Engineer - Product,http://stackoverflow.com//jobs/410346/software-engineer-product-facebook,Facebook,No office location
Fullstack Developer,http://stackoverflow.com//jobs/308837/fullstack-developer-gamblingcom-group,Gambling.com Group,"Dublin, Ireland"
Senior Software Engineer (Go specialist),http://stackoverflow.com//jobs/408448/senior-software-engineer-go-specialist-netdata-inc,NetData Inc.,No office location
Web Developer (m/w/d) Shopware - REMOTE,http://stackoverflow.com//jobs/299058/web-developer-m-w-d-shopware-remote-signundsinn-gmbh,signundsinn GmbH,No office location
Senior Front-end / JS Developer,http://stackoverflow.com//jobs/429655/senior-front-end-js-developer-iubenda,iubenda,"Milan, Italy"
Senior Web Developer,http://stackoverflow.com//jobs/427242/senior-web-developer-kensington-mortgage-company,"Kensington Mortgage Company
                        via
Intec Select","Maidenhead, UK"
Front End Engineer,http://stackoverflow.com//jobs/419303/front-end-engineer-facebook,Facebook,"Menlo Park, CA"
Senior Frontend Developer (Remote),http://stackoverflow.com//jobs/375433/senior-frontend-developer-remote-hypothesisis,Hypothesis.is,No office location
Software Engineer Who Loves Desktop Apps,http://stackoverflow.com//jobs/249158/software-engineer-who-loves-desktop-apps-oreilly-auto-parts,O'Reilly Auto Parts,No office location
Front End Engineer,http://stackoverflow.com//jobs/410734/front-end-engineer-facebook,Facebook,"Menlo Park, CA"
Mid-Level Front-end Responsive Developer,http://stackoverflow.com//jobs/418286/mid-level-front-end-responsive-developer-graphic-language,Graphic Language,No office location
Senior Level Creative Web Designer/Developer,http://stackoverflow.com//jobs/205178/senior-level-creative-web-designer-developer-jonroc,Jonroc,"Richmond, VA"
Mid/Senior Front End Developer,http://stackoverflow.com//jobs/415221/mid-senior-front-end-developer-aicof-srl,AICOF Srl,No office location
Senior Ruby on Rails Developer,http://stackoverflow.com//jobs/428587/senior-ruby-on-rails-developer-flexjobs,FlexJobs,"Oregon City, OR"
"Senior Software Engineers, Full Stack or Front-end specialists",http://stackoverflow.com//jobs/384742/senior-software-engineers-full-stack-or-front-globavista-ltd-trading-as,Globavista Ltd (trading as BigOceanData),No office location
Senior Remote Ruby on Rails Developer,http://stackoverflow.com//jobs/406465/senior-remote-ruby-on-rails-developer-nua-solutions-webdoctor,"Nua Solutions (WebDoctor)
                        via
flexhire",No office location
Shopify Frontend Developer,http://stackoverflow.com//jobs/412753/shopify-frontend-developer-space-48,Space 48,No office location
Front End Developer/Designer,http://stackoverflow.com//jobs/423177/front-end-developer-designer-hays-specialist-recruitment,"Hays Specialist Recruitment Ltd
                        via
Hays plc","Farnborough, UK"
Front-end Web Developer for Climate,http://stackoverflow.com//jobs/428721/front-end-web-developer-for-climate-climate-central-inc,"Climate Central, Inc.",No office location
Mid-Level Front-end Responsive Developer,http://stackoverflow.com//jobs/418286/mid-level-front-end-responsive-developer-graphic-language,Graphic Language,No office location
Sitecore Developer,http://stackoverflow.com//jobs/426943/sitecore-developer-simple-a,Simple [A],"Austin, TX"
Front-end Developer,http://stackoverflow.com//jobs/428097/front-end-developer-blackbelt-technology,Blackbelt Technology,No office location
Mid/Senior Front End Developer,http://stackoverflow.com//jobs/415221/mid-senior-front-end-developer-aicof-srl,AICOF Srl,No office location
Frontend developer - global health data platform,http://stackoverflow.com//jobs/304936/frontend-developer-global-health-data-platform-devotta-as,DevOtta AS,"Otta, Norway"
UI Developer (Remote),http://stackoverflow.com//jobs/419805/ui-developer-remote-crowdstrike-inc,"CrowdStrike, Inc.",No office location
Magento 2 Front-End Developer,http://stackoverflow.com//jobs/347062/magento-2-front-end-developer-wsm-international-llc,WSM International LLC,"St. Clair Shores, MI"
Senior Frontend Developer,http://stackoverflow.com//jobs/418146/senior-frontend-developer-makeen-technologies-llc,Makeen Technologies LLC,No office location
Wir suchen Sie als Angular Entwickler!,http://stackoverflow.com//jobs/147059/wir-suchen-sie-als-angular-entwickler-via-online-gmbh,ViA-Online GmbH,"Krefeld, Deutschland"
Senior Frontend Engineer,http://stackoverflow.com//jobs/414865/senior-frontend-engineer-tutorme,TutorMe,"Los Angeles, CA"
Senior Frontend Developer,http://stackoverflow.com//jobs/412502/senior-frontend-developer-advent-health-partners,Advent Health Partners,No office location
WordPress Contract Developer/Engineer,http://stackoverflow.com//jobs/422989/wordpress-contract-developer-engineer-cnc-software-inc,"CNC Software, Inc",No office location
Software Developer (Remote or Onsite),http://stackoverflow.com//jobs/246026/software-developer-remote-or-onsite-aptera-software,Aptera Software,"Fort Wayne, IN"
Full-Stack Developer,http://stackoverflow.com//jobs/307185/full-stack-developer-charidy,Charidy,"Brooklyn, NY"
Frontend Software Engineer,http://stackoverflow.com//jobs/415227/frontend-software-engineer-avenue,Avenue,"S√£o Paulo, Brazil"
Full Stack Software Engineer,http://stackoverflow.com//jobs/428102/full-stack-software-engineer-practichem,Practichem,No office location
Senior Javascript Engineer,http://stackoverflow.com//jobs/258846/senior-javascript-engineer-ocelot,Ocelot,No office location
Senior Java Developer who wants to make a difference!,http://stackoverflow.com//jobs/130997/senior-java-developer-who-wants-to-make-a-oreilly-auto-parts,O'Reilly Auto Parts,No office location
Freelance Full-Stack Developer ‚Äì Remote Job Romania,http://stackoverflow.com//jobs/406668/freelance-full-stack-developer-remote-job-skillvalue,SkillValue,No office location
Senior Fullstack Engineer (Remote),http://stackoverflow.com//jobs/417479/senior-fullstack-engineer-remote-web-summit,Web Summit,No office location
Sr. Software Engineer,http://stackoverflow.com//jobs/274406/sr-software-engineer-visuwell,VisuWell,"Chattanooga, TN"
Freelance Full-Stack Developer ‚Äì Remote Job Romania,http://stackoverflow.com//jobs/406668/freelance-full-stack-developer-remote-job-skillvalue,SkillValue,No office location
Senior Fullstack Engineer (Remote),http://stackoverflow.com//jobs/417479/senior-fullstack-engineer-remote-web-summit,Web Summit,No office location
"Software Engineer (Full-Stack, React)",http://stackoverflow.com//jobs/429366/software-engineer-full-stack-react-nala,Nala,"Bengaluru, India"
"Senior Software Developer (Ruby), Remote",http://stackoverflow.com//jobs/424114/senior-software-developer-ruby-remote-artstation,ArtStation,"Montreal, QC, Canada"
Senior Backend Developer (Remote),http://stackoverflow.com//jobs/375432/senior-backend-developer-remote-hypothesisis,Hypothesis.is,No office location
Senior Fullstack Developer,http://stackoverflow.com//jobs/358003/senior-fullstack-developer-kodify,Kodify,No office location
Software Developer (Remote or Onsite),http://stackoverflow.com//jobs/246026/software-developer-remote-or-onsite-aptera-software,Aptera Software,"Fort Wayne, IN"
Full Stack JavaScript Developer,http://stackoverflow.com//jobs/420638/full-stack-javascript-developer-ids-international,IDS International,No office location
Full-Stack Developer,http://stackoverflow.com//jobs/307185/full-stack-developer-charidy,Charidy,"Brooklyn, NY"
Software Engineer - Remote,http://stackoverflow.com//jobs/366190/software-engineer-remote-libera-inc,"LIBERA, INC.",No office location
Senior Full Stack Developer,http://stackoverflow.com//jobs/431098/senior-full-stack-developer-nirveda-cognition-inc,Nirveda Cognition Inc.,"Glendale, CA"
Senior Backend Engineer (Python/Django),http://stackoverflow.com//jobs/271844/senior-backend-engineer-python-django-chaturbate,Chaturbate,No office location
Senior Front End Engineer (Remote-Brazil),http://stackoverflow.com//jobs/425457/senior-front-end-engineer-remote-brazil-loadsmart,Loadsmart,No office location
D√©veloppeur web Full Stack senior,http://stackoverflow.com//jobs/409538/d%C3%A9veloppeur-web-full-stack-senior-constructbuy,ConstructBuy,"Victoriaville, QC, Canada"
Software-Entwickler f√ºr JavaScript / Node.js Applikationen (m/w/d) [100% Remote],http://stackoverflow.com//jobs/428058/software-entwickler-f%C3%BCr-javascript-nodejs-elunic-ag,elunic AG,"M√ºnchen, Deutschland"
"Software Engineer, Frontend (Remote)",http://stackoverflow.com//jobs/294054/software-engineer-frontend-remote-hotjar,Hotjar,No office location
Software Engineer - Product,http://stackoverflow.com//jobs/410758/software-engineer-product-facebook,Facebook,"Sunnyvale, CA"
Fully Remote Senior Full Stack LAMP Developer,http://stackoverflow.com//jobs/421786/fully-remote-senior-full-stack-lamp-developer-sourceaudio,SourceAudio,No office location
Senior Software Engineer,http://stackoverflow.com//jobs/216148/senior-software-engineer-keona-health,Keona Health,No office location
Senior Full Stack .Net Web Application Developer,http://stackoverflow.com//jobs/134022/senior-full-stack-net-web-application-developer-maplarge,MapLarge,"Atlanta, GA"
Software Engineering Lead,http://stackoverflow.com//jobs/424991/software-engineering-lead-studio-science,Studio Science,"Indianapolis, IN"
Full Stack Software Engineer - Mobile Healthcare,http://stackoverflow.com//jobs/406291/full-stack-software-engineer-mobile-healthcare-medsphere,Medsphere,No office location
Software Engineer - Product,http://stackoverflow.com//jobs/410351/software-engineer-product-facebook,Facebook,No office location
Software Engineer Who Loves Modernization,http://stackoverflow.com//jobs/60726/software-engineer-who-loves-modernization-oreilly-auto-parts,O'Reilly Auto Parts,No office location
Mobile Developer (Remote or Onsite),http://stackoverflow.com//jobs/261370/mobile-developer-remote-or-onsite-aptera-software,Aptera Software,"Fort Wayne, IN"
Principal Java Software Engineer/ Tech Lead (Remote in LA Region),http://stackoverflow.com//jobs/417507/principal-java-software-engineer-tech-lead-railroad19,Railroad19,No office location
Senior JavaScript/TypeScript Engineer,http://stackoverflow.com//jobs/399259/senior-javascript-typescript-engineer-interos,Interos,"Arlington, VA"
Software Developer III - Remote,http://stackoverflow.com//jobs/423546/software-developer-iii-remote-gpm-corp,"GPM, Corp.","Asheville, NC"
PHP/React Fullstack Developer for EdTech Company (Eastern Europe),http://stackoverflow.com//jobs/420086/php-react-fullstack-developer-for-edtech-company-mobymax,MobyMax,No office location
"Back End Engineer (NodeJS, TypeScript): Remote (Global)",http://stackoverflow.com//jobs/430513/back-end-engineer-nodejs-typescript-remote-modus-create,Modus Create,No office location
Sr. Angular Full-Stack Developer: SaaS Workflow Platform,http://stackoverflow.com//jobs/424986/sr-angular-full-stack-developer-saas-workflow-primotus-llc,"Primotus, LLC",No office location
Lead Vue.js / PHP developer,http://stackoverflow.com//jobs/397027/lead-vuejs-php-developer-hubx,HUBX,No office location
"Senior Software Engineer, Web",http://stackoverflow.com//jobs/400786/senior-software-engineer-web-draftkings,DraftKings,No office location
Front end full stack developer,http://stackoverflow.com//jobs/430505/front-end-full-stack-developer-mycdd,MYCDD,No office location
Senior Back-end / Ruby on Rails Developer,http://stackoverflow.com//jobs/410579/senior-back-end-ruby-on-rails-developer-iubenda,iubenda,"Milan, Italy"
"Full Stack Senior Web Developer, Small Company - Disruptive Product",http://stackoverflow.com//jobs/166416/full-stack-senior-web-developer-small-company-nxtedition,nxtedition,"Malm√∂, Sweden"
Front End Engineer,http://stackoverflow.com//jobs/417593/front-end-engineer-knockcom,Knock.com,No office location
Remote Senior JavaScript Developer with PHP Experience,http://stackoverflow.com//jobs/429915/remote-senior-javascript-developer-with-php-scalable-path,Scalable Path,No office location
Front-End Developer (React/GraphQL),http://stackoverflow.com//jobs/429079/front-end-developer-react-graphql-apacio-ltd,Apacio Ltd,"Theale, UK"
SR Django Developer,http://stackoverflow.com//jobs/429467/sr-django-developer-trafilea,Trafilea,No office location
Software Engineer - Product,http://stackoverflow.com//jobs/410352/software-engineer-product-facebook,Facebook,No office location
"Senior .net Core, AWS Lex Developer",http://stackoverflow.com//jobs/428078/senior-net-core-aws-lex-developer-authority-partners,Authority Partners,No office location
React JS Developer,http://stackoverflow.com//jobs/414687/react-js-developer-komoot,komoot,"Berlin, Germany"
Sr. React Engineer for Digital Consumer Products,http://stackoverflow.com//jobs/203714/sr-react-engineer-for-digital-consumer-products-superformula,Superformula,No office location
"Frontend developer (Vue.js, Material Design, Typescript)",http://stackoverflow.com//jobs/410438/frontend-developer-vuejs-material-design-clearlife-limited,ClearLife Limited,No office location
C# Asp.Net MVC Developer,http://stackoverflow.com//jobs/423171/c-sharp-aspnet-mvc-developer-hays-specialist-recruitment,"Hays Specialist Recruitment Ltd
                        via
Hays plc","Farnborough, UK"
Senior Front end Developer,http://stackoverflow.com//jobs/423700/senior-front-end-developer-agiloft,Agiloft,No office location
Elm Developer,http://stackoverflow.com//jobs/395496/elm-developer-holmusk,Holmusk,No office location
C# Asp.Net MVC Developer,http://stackoverflow.com//jobs/423175/c-sharp-aspnet-mvc-developer-hays-specialist-recruitment,"Hays Specialist Recruitment Ltd
                        via
Hays plc","Farnborough, UK"
Full Stack Engineer,http://stackoverflow.com//jobs/114053/full-stack-engineer-spotme,SpotMe,No office location
Senior Front end Developer,http://stackoverflow.com//jobs/423700/senior-front-end-developer-agiloft,Agiloft,No office location
Elm Developer,http://stackoverflow.com//jobs/395496/elm-developer-holmusk,Holmusk,No office location
Mobile Developer (Remote or Onsite),http://stackoverflow.com//jobs/261370/mobile-developer-remote-or-onsite-aptera-software,Aptera Software,"Fort Wayne, IN"
C# Asp.Net MVC Developer,http://stackoverflow.com//jobs/423175/c-sharp-aspnet-mvc-developer-hays-specialist-recruitment,"Hays Specialist Recruitment Ltd
                        via
Hays plc","Farnborough, UK"
Front End Developer - React/Gatsby (Remote),http://stackoverflow.com//jobs/430360/front-end-developer-react-gatsby-remote-x-team,X-Team,No office location
Angular 2+ Developer,http://stackoverflow.com//jobs/430807/angular-2-plus-developer-bairesdev-llc,BairesDev LLC,"San Francisco, CA"
Front End Developer,http://stackoverflow.com//jobs/405900/front-end-developer-iovlabs,IOVLABS,No office location
Senior Software Engineer - Database/Devops Group,http://stackoverflow.com//jobs/341139/senior-software-engineer-database-devops-group-keona-health,Keona Health,No office location
Software Engineer - Shop.com,http://stackoverflow.com//jobs/419685/software-engineer-shopcom-market-america-shopcom,Market America / Shop.com,No office location
Python Data Engineer,http://stackoverflow.com//jobs/420749/python-data-engineer-bitedge,"BitEdge
                        via
Hays plc",No office location
Mobile Engineer,http://stackoverflow.com//jobs/427742/mobile-engineer-density,Density,No office location
Frontend React Developer for E-Commerce Analytics Product,http://stackoverflow.com//jobs/431682/frontend-react-developer-for-e-commerce-analytics-scalable-path,Scalable Path,No office location
C# Asp.Net MVC Developer,http://stackoverflow.com//jobs/423171/c-sharp-aspnet-mvc-developer-hays-specialist-recruitment,"Hays Specialist Recruitment Ltd
                        via
Hays plc","Farnborough, UK"
Frontend Engineer,http://stackoverflow.com//jobs/427850/frontend-engineer-maystreet-inc,MayStreet Inc.,No office location
Software Engineer,http://stackoverflow.com//jobs/423849/software-engineer-skylight,Skylight,"Washington, DC"
Full Stack Engineer,http://stackoverflow.com//jobs/415830/full-stack-engineer-sailpoint-technologies-inc,"Sailpoint Technologies, Inc.",No office location
DevOps Engineer,http://stackoverflow.com//jobs/420134/devops-engineer-idbydna,IDbyDNA,"San Carlos, CA"
FrontEnd Developer,http://stackoverflow.com//jobs/430831/frontend-developer-bairesdev-llc,BairesDev LLC,"San Francisco, CA"
Senior PHP Developer,http://stackoverflow.com//jobs/427872/senior-php-developer-defiant-inc,Defiant Inc,No office location
PowerBuilder Developer,http://stackoverflow.com//jobs/426021/powerbuilder-developer-stellar-technology-solutions,Stellar Technology Solutions,"Stroudsburg, PA"
Senior Drupal Developer For Fast-Paced Consulting Company,http://stackoverflow.com//jobs/273098/senior-drupal-developer-for-fast-paced-consulting-portland-webworks-inc,"Portland Webworks, Inc.","Portland, ME"
"Sr. Quality Engineer, Buyers Experience",http://stackoverflow.com//jobs/414677/sr-quality-engineer-buyers-experience-ebay,eBay,"Netanya, Israel"
Frontend Architect (m/f/d),http://stackoverflow.com//jobs/409812/frontend-architect-m-f-d-simscale,SimScale,"M√ºnchen, Germany"
Senior Production Support Engineer/Full Stack Developer,http://stackoverflow.com//jobs/430374/senior-production-support-engineer-full-stack-authority-partners,Authority Partners,No office location
[Remote] Product Manager - Digital Transformation,http://stackoverflow.com//jobs/416842/remote-product-manager-digital-transformation-cai,"CAI
                        via
Wade & Wendy",No office location
Senior Drupal Developer For Fast-Paced Consulting Company,http://stackoverflow.com//jobs/273098/senior-drupal-developer-for-fast-paced-consulting-portland-webworks-inc,"Portland Webworks, Inc.","Portland, ME"
Senior UI Engineer,http://stackoverflow.com//jobs/230642/senior-ui-engineer-simon-markets,SIMON Markets,"New York, NY"
Senior Front End Engineer,http://stackoverflow.com//jobs/424344/senior-front-end-engineer-primer-ai,Primer AI,"San Francisco, CA"
Haskell Software Engineer,http://stackoverflow.com//jobs/399257/haskell-software-engineer-interos,Interos,No office location
"Sr. Quality Engineer, Buyers Experience",http://stackoverflow.com//jobs/414677/sr-quality-engineer-buyers-experience-ebay,eBay,"Netanya, Israel"
Frontend Architect (m/f/d),http://stackoverflow.com//jobs/409812/frontend-architect-m-f-d-simscale,SimScale,"M√ºnchen, Germany"
Senior full stack developer,http://stackoverflow.com//jobs/287875/senior-full-stack-developer-parsage-inc,"Parsage, Inc.","Washington, DC"
Senior Web Applications Engineer,http://stackoverflow.com//jobs/410146/senior-web-applications-engineer-all-turtles,All Turtles,No office location
Senior Production Support Engineer/Full Stack Developer,http://stackoverflow.com//jobs/430374/senior-production-support-engineer-full-stack-authority-partners,Authority Partners,No office location
Javascript Developer,http://stackoverflow.com//jobs/425593/javascript-developer-unops,UNOPS,No office location
Senior Ruby on Rails Engineer,http://stackoverflow.com//jobs/428578/senior-ruby-on-rails-engineer-hubstaff,Hubstaff,No office location
Full Stack Web Developer,http://stackoverflow.com//jobs/424946/full-stack-web-developer-suse,SUSE,No office location
Web Developer,http://stackoverflow.com//jobs/415835/web-developer-mstoner-inc,"mStoner, Inc.","Chicago, IL"
Product Designer [100% REMOTE],http://stackoverflow.com//jobs/426928/product-designer-100-remote-clevertech,Clevertech,No office location
Experienced .NET CMS Web Developer - Remote,http://stackoverflow.com//jobs/307184/experienced-net-cms-web-developer-remote-diagram,Diagram,"Chicago, IL"
Ruby Developer - Build vulnerable web applications,http://stackoverflow.com//jobs/414750/ruby-developer-build-vulnerable-web-applications-immersive-labs,Immersive Labs,No office location
Senior Full Stack Developer,http://stackoverflow.com//jobs/430373/senior-full-stack-developer-authority-partners,Authority Partners,No office location
"Senior Engineer, Android",http://stackoverflow.com//jobs/422391/senior-engineer-android-homer,Homer,No office location
Senior Frontend Developer,http://stackoverflow.com//jobs/423281/senior-frontend-developer-stacklet-inc,"Stacklet, Inc.",No office location
Senior Frontend JS/React Engineer,http://stackoverflow.com//jobs/426034/senior-frontend-js-react-engineer-growflow,GrowFlow,No office location
Ruby on Rails Developer,http://stackoverflow.com//jobs/225436/ruby-on-rails-developer-nebulab,Nebulab,No office location
Full Stack Web Developer,http://stackoverflow.com//jobs/409612/full-stack-web-developer-sunrise-brands,Sunrise Brands,No office location
Senior Test Automation Engineer,http://stackoverflow.com//jobs/235537/senior-test-automation-engineer-authority-partners,Authority Partners,No office location
Principal Python Software Developer,http://stackoverflow.com//jobs/428732/principal-python-software-developer-railroad19,Railroad19,No office location
[Remote] Product Manager - Digital Transformation,http://stackoverflow.com//jobs/416842/remote-product-manager-digital-transformation-cai,"CAI
                        via
Wade & Wendy",No office location
Support Engineer,http://stackoverflow.com//jobs/374068/support-engineer-magnolia-international-ltd,Magnolia International Ltd.,No office location
Senior Ruby on Rails Engineer,http://stackoverflow.com//jobs/427555/senior-ruby-on-rails-engineer-mobile-doorman,Mobile Doorman,"Madison, WI"
UX Designer,https://weworkremotely.com//remote-jobs/bitovi-ux-designer-1,Bitovi,Anywhere (100% Remote) Only
Product Designer (EMEA),https://weworkremotely.com//remote-jobs/hotjar-product-designer-emea-1,Hotjar,EMEA
Senior Web Designer,https://weworkremotely.com//remote-jobs/people-first-solutions-senior-web-designer,People First SolutionsÔøº,Anywhere (100% Remote) Only
Full-stack Web Developer (Front-end & PHP/WordPress),https://weworkremotely.com//remote-jobs/harbinger-marketing-full-stack-web-developer-front-end-php-wordpress,Harbinger Marketing,Anywhere (100% Remote) Only
eCommerce Designer/Developer,https://weworkremotely.com//remote-jobs/streamline-retail-ecommerce-designer-developer,Streamline Retail,USA Only
Senior Visual Designer,https://weworkremotely.com//remote-jobs/teaching-com-senior-visual-designer,Teaching.com,Anywhere (100% Remote) Only
Product/Visual Designer,https://weworkremotely.com//remote-jobs/clevertech-product-visual-designer-2,Clevertech,Anywhere (100% Remote) Only
Senior Software Engineer (go Specialist),https://remoteok.io//remote-jobs/86888-remote-senior-software-engineer-go-specialist-netdata-inc,Netdata Inc,üåè Worldwide
