Full Stack .NET/MSSQL/JS Developer,http://stackoverflow.com//jobs/406903/full-stack-net-mssql-js-developer-microgsd,MicroGSD,No office location
Senior Javascript Engineer,http://stackoverflow.com//jobs/258846/senior-javascript-engineer-ocelot,Ocelot,No office location
Senior Javascript Full-Stack Developer,http://stackoverflow.com//jobs/425126/senior-javascript-full-stack-developer-juxly,Juxly,"Springfield, MO"
Full Stack JavaScript Developer,http://stackoverflow.com//jobs/420638/full-stack-javascript-developer-ids-international,IDS International,No office location
D√©veloppeur Full-Stack JavaScript (React/Node) en Remote,http://stackoverflow.com//jobs/387926/d%C3%A9veloppeur-full-stack-javascript-react-node-en-skillvalue,SkillValue,No office location
Senior Full-Stack Developer (JavaScript) - 100% remote,http://stackoverflow.com//jobs/168157/senior-full-stack-developer-javascript-100-disy-informationssysteme-gmbh,Disy Informationssysteme GmbH,No office location
(Senior) Software Engineer JavaScript and Node.js - Home Office,http://stackoverflow.com//jobs/422944/senior-software-engineer-javascript-and-nodejs-factset,FactSet,No office location
Javascript Full Stack Developer,http://stackoverflow.com//jobs/399262/javascript-full-stack-developer-ifit,iFit,No office location
JavaScript/TypeScript Node Developer - Remote Full-Time W2,http://stackoverflow.com//jobs/394891/javascript-typescript-node-developer-remote-tsp-consulting,TSP Consulting,"Mount Laurel Township, NJ"
Senior Full Stack Developer (PHP/JS/Infrastructure),http://stackoverflow.com//jobs/427712/senior-full-stack-developer-php-js-saleschamp,SalesChamp,"Brno, Czechia"
Javascript Engineer,http://stackoverflow.com//jobs/419687/javascript-engineer-sticker-mule,Sticker Mule,No office location
Software-Entwickler f√ºr JavaScript / Node.js Applikationen (m/w/d) [100% Remote],http://stackoverflow.com//jobs/428058/software-entwickler-f%C3%BCr-javascript-nodejs-elunic-ag,elunic AG,"M√ºnchen, Deutschland"
Senior Team Lead JS Engineer (Remote),http://stackoverflow.com//jobs/425425/senior-team-lead-js-engineer-remote-x-team,X-Team,No office location
Remote Senior JavaScript Developer with PHP Experience,http://stackoverflow.com//jobs/429915/remote-senior-javascript-developer-with-php-scalable-path,Scalable Path,No office location
Senior JavaScript/TypeScript Engineer,http://stackoverflow.com//jobs/399259/senior-javascript-typescript-engineer-interos,Interos,"Arlington, VA"
Senior Full Stack JavaScript Developer - Remote,http://stackoverflow.com//jobs/422075/senior-full-stack-javascript-developer-remote-upstack,Upstack,No office location
Senior Front-end / JS Developer,http://stackoverflow.com//jobs/429655/senior-front-end-js-developer-iubenda,iubenda,"Milan, Italy"
Full Stack Nuxt JS Developer,http://stackoverflow.com//jobs/384138/full-stack-nuxt-js-developer-nacelle,Nacelle,No office location
Senior Web Architect (.NET / Javascript),http://stackoverflow.com//jobs/243370/senior-web-architect-net-javascript-arcanys,Arcanys,No office location
Javascript Developer,http://stackoverflow.com//jobs/425593/javascript-developer-unops,UNOPS,No office location
Senior Frontend JS/React Engineer,http://stackoverflow.com//jobs/426034/senior-frontend-js-react-engineer-growflow,GrowFlow,No office location
Full Stack Software Engineer,http://stackoverflow.com//jobs/428102/full-stack-software-engineer-practichem,Practichem,No office location
Senior Full-Stack Developer | 100% Remote | (US Only),http://stackoverflow.com//jobs/252175/senior-full-stack-developer-100-remote-us-govspend,GovSpend,No office location
"Frontend developer (Vue.js, Material Design, Typescript)",http://stackoverflow.com//jobs/410438/frontend-developer-vuejs-material-design-clearlife-limited,ClearLife Limited,No office location
DevOps Engineer,http://stackoverflow.com//jobs/428591/devops-engineer-practichem,Practichem,No office location
R&D Software Developer,http://stackoverflow.com//jobs/413113/r-d-software-developer-gpm-corp,"GPM, Corp.",No office location
Senior Backend Engineer (Ruby on Rails),http://stackoverflow.com//jobs/282423/senior-backend-engineer-ruby-on-rails-filescom,Files.com,No office location
Senior Frontend Engineer (ES8/React/Redux/Saga),http://stackoverflow.com//jobs/241031/senior-frontend-engineer-es8-react-redux-saga-filescom,Files.com,No office location
Senior Backend Developer - We're motivated to code with a sense of purpose,http://stackoverflow.com//jobs/268694/senior-backend-developer-were-motivated-to-kind,Kind,"Malm√∂, Sweden"
Senior Software Engineer,http://stackoverflow.com//jobs/406476/senior-software-engineer-outschool,Outschool,"San Francisco, CA"
Full Stack Django Engineer,http://stackoverflow.com//jobs/424508/full-stack-django-engineer-heysummit,HeySummit,"Edinburgh, UK"
Senior Software Engineer - Infrastructure,http://stackoverflow.com//jobs/386170/senior-software-engineer-infrastructure-outschool,Outschool,"San Francisco, CA"
"Senior Software Developer (Ruby), Remote",http://stackoverflow.com//jobs/424114/senior-software-developer-ruby-remote-artstation,ArtStation,"Montreal, QC, Canada"
"Software Engineer (Full-Stack, React)",http://stackoverflow.com//jobs/429366/software-engineer-full-stack-react-nala,Nala,"Bengaluru, India"
Senior Infrastructure / DevOps Engineer,http://stackoverflow.com//jobs/250385/senior-infrastructure-devops-engineer-filescom,Files.com,No office location
Senior Java Developer who wants to make a difference!,http://stackoverflow.com//jobs/130997/senior-java-developer-who-wants-to-make-a-oreilly-auto-parts,O'Reilly Auto Parts,No office location
Growing FinTech Company Looking for a Dynamic Frontend Developer (Remote),http://stackoverflow.com//jobs/422650/growing-fintech-company-looking-for-a-dynamic-viabill-a-s,ViaBill A/S,No office location
Frontend Software Engineer,http://stackoverflow.com//jobs/430334/frontend-software-engineer-minddoc-gmbh,MindDoc GmbH,"M√ºnchen, Germany"
Full Stack PHP Developer (m/f/d) - Bielefeld/Berlin/Remote,http://stackoverflow.com//jobs/408861/full-stack-php-developer-m-f-d-bielefeld-egoditor-gmbh,Egoditor GmbH,"Berlin, Deutschland"
Tryouts Open for a Full-Stack Developer,http://stackoverflow.com//jobs/413173/tryouts-open-for-a-full-stack-developer-gamesheet-inc,GameSheet Inc.,No office location
Senior Fullstack Engineer (Remote),http://stackoverflow.com//jobs/417479/senior-fullstack-engineer-remote-web-summit,Web Summit,No office location
"Remote Software Architect, Ruby / AWS",http://stackoverflow.com//jobs/431257/remote-software-architect-ruby-aws-verys,Verys,"Santa Ana, CA"
Senior full-stack .NET developer (remote working),http://stackoverflow.com//jobs/396086/senior-full-stack-net-developer-remote-working-wordwall,Wordwall,No office location
Full-Stack React/Node Developer,http://stackoverflow.com//jobs/425132/full-stack-react-node-developer-plex,Plex,No office location
Senior Frontend Developer - We're motivated to code with a sense of purpose,http://stackoverflow.com//jobs/330158/senior-frontend-developer-were-motivated-to-kind,Kind,"Malm√∂, Sweden"
Software Engineer - Remote,http://stackoverflow.com//jobs/366190/software-engineer-remote-libera-inc,"LIBERA, INC.",No office location
Mobile Developer,http://stackoverflow.com//jobs/405902/mobile-developer-iovlabs,IOVLABS,No office location
"Backend Software Engineer, PHP (Remote)",http://stackoverflow.com//jobs/315815/backend-software-engineer-php-remote-automattic,Automattic,No office location
Experienced Full Stack Software Engineer,http://stackoverflow.com//jobs/416909/experienced-full-stack-software-engineer-octopus-deploy,Octopus Deploy,No office location
Lead Full Stack Developer,http://stackoverflow.com//jobs/421953/lead-full-stack-developer-housable,Housable,No office location
Freelance Full-Stack Developer ‚Äì Remote Job Romania,http://stackoverflow.com//jobs/406668/freelance-full-stack-developer-remote-job-skillvalue,SkillValue,No office location
Senior Fullstack Engineer (Remote),http://stackoverflow.com//jobs/417479/senior-fullstack-engineer-remote-web-summit,Web Summit,No office location
Full Stack Developer,http://stackoverflow.com//jobs/429076/full-stack-developer-decodifyme-llc,Decodify.me LLC,No office location
Frontend Software Engineer,http://stackoverflow.com//jobs/415227/frontend-software-engineer-avenue,Avenue,"S√£o Paulo, Brazil"
Software Engineer - Remote,http://stackoverflow.com//jobs/366190/software-engineer-remote-libera-inc,"LIBERA, INC.",No office location
Front-End Software Engineer - Global Health Data Platform,http://stackoverflow.com//jobs/147424/front-end-software-engineer-global-health-data-dhis2,DHIS2,"Oslo, Norway"
Experienced Full Stack Software Engineer,http://stackoverflow.com//jobs/416909/experienced-full-stack-software-engineer-octopus-deploy,Octopus Deploy,No office location
Lead Full Stack Developer,http://stackoverflow.com//jobs/421953/lead-full-stack-developer-housable,Housable,No office location
Full Stack Web Developer,http://stackoverflow.com//jobs/370918/full-stack-web-developer-art-logic-inc,"Art & Logic, Inc.",No office location
React Engineer | Native or Web | 100% Remote,http://stackoverflow.com//jobs/229077/react-engineer-native-or-web-100-remote-g2i-inc,G2i Inc,No office location
Mobile Developer,http://stackoverflow.com//jobs/405902/mobile-developer-iovlabs,IOVLABS,No office location
Frontend-Entwickler (m/w/d),http://stackoverflow.com//jobs/430751/frontend-entwickler-m-w-d-onoffice-gmbh,onOffice GmbH,"Aachen, Deutschland"
Platform engineer to build an amazing internal platform,http://stackoverflow.com//jobs/420100/platform-engineer-to-build-an-amazing-internal-urbantz,URBANTZ,No office location
Software Engineer,http://stackoverflow.com//jobs/428730/software-engineer-shapeshift,ShapeShift,"Denver, CO"
REMOTE Staff Front-End Engineer | VC-backed | Fast Growing SaaS Company,http://stackoverflow.com//jobs/421947/remote-staff-front-end-engineer-vc-backed-process-street,Process Street,No office location
Full-Stack Developer,http://stackoverflow.com//jobs/307185/full-stack-developer-charidy,Charidy,"Brooklyn, NY"
Senior Software Engineer,http://stackoverflow.com//jobs/428723/senior-software-engineer-shapeshift,ShapeShift,"Denver, CO"
PHP Developer for BLOX/RAYOS CMS,http://stackoverflow.com//jobs/431681/php-developer-for-blox-rayos-cms-townnews,TownNews,"Moline, IL"
"Software Engineer, Frontend (Remote)",http://stackoverflow.com//jobs/294054/software-engineer-frontend-remote-hotjar,Hotjar,No office location
Senior Software Engineer (remote US) - progressive ed nonprofit,http://stackoverflow.com//jobs/414283/senior-software-engineer-remote-us-achievement-network,Achievement Network,No office location
Senior Software Engineer - Full stack,http://stackoverflow.com//jobs/412875/senior-software-engineer-full-stack-encamp-inc,"Encamp, Inc.",No office location
Senior Fullstack Developer,http://stackoverflow.com//jobs/358003/senior-fullstack-developer-kodify,Kodify,No office location
Senior Front End Engineer (Remote-Brazil),http://stackoverflow.com//jobs/425457/senior-front-end-engineer-remote-brazil-loadsmart,Loadsmart,No office location
REMOTE Staff Full Stack Engineer | VC-backed | Fast Growing SaaS Company,http://stackoverflow.com//jobs/421948/remote-staff-full-stack-engineer-vc-backed-process-street,Process Street,No office location
"Cloud Developer (nodeJS, AWS, TypeScript) (m/w/d)",http://stackoverflow.com//jobs/425398/cloud-developer-nodejs-aws-typescript-m-w-d-immowelt,immowelt,"N√ºrnberg, Deutschland"
Frontend Developer e-Commerce (f/m/d) (based in Germany),http://stackoverflow.com//jobs/240569/frontend-developer-e-commerce-f-m-d-based-in-lillydoo-gmbh,LILLYDOO GmbH,No office location
React Engineer | Native or Web | 100% Remote,http://stackoverflow.com//jobs/229077/react-engineer-native-or-web-100-remote-g2i-inc,G2i Inc,No office location
Frontend Developer - Vue.js (m/f/x),http://stackoverflow.com//jobs/424273/frontend-developer-vuejs-m-f-x-refurbed,refurbed,No office location
Senior Backend Developer,http://stackoverflow.com//jobs/417842/senior-backend-developer-makeen-technologies-llc,Makeen Technologies LLC,No office location
Software Engineering Lead,http://stackoverflow.com//jobs/300207/software-engineering-lead-soteria,Soteria,"North Charleston, SC"
Fully Remote Senior Full Stack LAMP Developer,http://stackoverflow.com//jobs/421786/fully-remote-senior-full-stack-lamp-developer-sourceaudio,SourceAudio,No office location
"Senior Software Engineer, Web",http://stackoverflow.com//jobs/400786/senior-software-engineer-web-draftkings,DraftKings,No office location
Senior Front-end Engineer,http://stackoverflow.com//jobs/428579/senior-front-end-engineer-hubstaff,Hubstaff,No office location
Senior Software Engineer: Anti-Harassment Tools,http://stackoverflow.com//jobs/415726/senior-software-engineer-anti-harassment-tools-wikimedia-foundation-inc,"Wikimedia Foundation, Inc.",No office location
GIS Software Developer (Expert),http://stackoverflow.com//jobs/397034/gis-software-developer-expert-transfinder,Transfinder,"Schenectady, NY"
Senior Full Stack - React + Node + AWS - 100% Remote,http://stackoverflow.com//jobs/419705/senior-full-stack-react-plus-node-plus-aws-100-evolution-virtual,Evolution Virtual,No office location
Security Developer,http://stackoverflow.com//jobs/374851/security-developer-olibank,OliBank,No office location
APIs Developer,http://stackoverflow.com//jobs/396980/apis-developer-dealer-inspire,Dealer Inspire,No office location
Full Stack Software Engineer - Mobile Healthcare,http://stackoverflow.com//jobs/406291/full-stack-software-engineer-mobile-healthcare-medsphere,Medsphere,No office location
Frontend Engineer,http://stackoverflow.com//jobs/430521/frontend-engineer-health-prize-technologies,Health Prize Technologies,"Norwalk, CT"
Senior Fullstack Developer,http://stackoverflow.com//jobs/358003/senior-fullstack-developer-kodify,Kodify,No office location
Node Engineer | 100% Remote,http://stackoverflow.com//jobs/405883/node-engineer-100-remote-g2i-inc,G2i Inc,No office location
Senior Software Engineer,http://stackoverflow.com//jobs/216148/senior-software-engineer-keona-health,Keona Health,No office location
"Full Stack Engineer - Remote, USA ONLY",http://stackoverflow.com//jobs/371379/full-stack-engineer-remote-usa-only-socialchorus,SocialChorus,No office location
"Cloud Developer (nodeJS, AWS, TypeScript) (m/w/d)",http://stackoverflow.com//jobs/425398/cloud-developer-nodejs-aws-typescript-m-w-d-immowelt,immowelt,"N√ºrnberg, Deutschland"
"Java Developer (Onsite in Paris, or Remote in France, UK, Germany)",http://stackoverflow.com//jobs/424546/java-developer-onsite-in-paris-or-remote-in-peopledoc,PeopleDoc,No office location
"Back End Java Developer: open source for healthcare | Spring, AWS, microservices",http://stackoverflow.com//jobs/415641/back-end-java-developer-open-source-for-snomed-international,"SNOMED International
                        via
techfolk",No office location
Software Engineer - Product,http://stackoverflow.com//jobs/410758/software-engineer-product-facebook,Facebook,"Sunnyvale, CA"
Sr. Software Engineer,http://stackoverflow.com//jobs/274406/sr-software-engineer-visuwell,VisuWell,"Chattanooga, TN"
Elm Frontend Developer (m/f/d) Functional Programming,http://stackoverflow.com//jobs/393093/elm-frontend-developer-m-f-d-functional-snapview-gmbh,Snapview GmbH,"M√ºnchen, Deutschland"
PHP/React Fullstack Developer for EdTech Company (Eastern Europe),http://stackoverflow.com//jobs/420086/php-react-fullstack-developer-for-edtech-company-mobymax,MobyMax,No office location
Elm Frontend Developer (m/f/d) Functional Programming,http://stackoverflow.com//jobs/393093/elm-frontend-developer-m-f-d-functional-snapview-gmbh,Snapview GmbH,"M√ºnchen, Deutschland"
Senior Software Engineer who likes Microservices - not Micromanagement,http://stackoverflow.com//jobs/421102/senior-software-engineer-who-likes-microservices-praetorian-cybersecurity,"Praetorian Cybersecurity
                        via
Uplink Software Solutions",No office location
REMOTE Staff Full Stack Engineer | VC-backed | Fast Growing SaaS Company,http://stackoverflow.com//jobs/421948/remote-staff-full-stack-engineer-vc-backed-process-street,Process Street,No office location
Software Engineer - Product,http://stackoverflow.com//jobs/410352/software-engineer-product-facebook,Facebook,No office location
Back-End Engineer,http://stackoverflow.com//jobs/371615/back-end-engineer-gorgias,Gorgias,No office location
User Testing Angular Engineer [100% Remote],http://stackoverflow.com//jobs/429682/user-testing-angular-engineer-100-remote-clevertech,Clevertech,No office location
Angular Developer and Consultant,http://stackoverflow.com//jobs/429707/angular-developer-and-consultant-bitovi,Bitovi,"Libertyville, IL"
"Senior Software Engineer, Identity and Access Management (IAM)",http://stackoverflow.com//jobs/424763/senior-software-engineer-identity-and-access-auth0,Auth0,No office location
React JS Developer,http://stackoverflow.com//jobs/414687/react-js-developer-komoot,komoot,"Berlin, Germany"
Software Architect,http://stackoverflow.com//jobs/415675/software-architect-nurun,Nurun,No office location
Senior Full Stack - React + Node + AWS - 100% Remote,http://stackoverflow.com//jobs/419705/senior-full-stack-react-plus-node-plus-aws-100-evolution-virtual,Evolution Virtual,No office location
Front End Engineer,http://stackoverflow.com//jobs/417593/front-end-engineer-knockcom,Knock.com,No office location
Pleno Front-end Developer na Vizir,http://stackoverflow.com//jobs/431814/pleno-front-end-developer-na-vizir-vizir-software-studio,Vizir Software Studio,No office location
Principal Cloud Architect,http://stackoverflow.com//jobs/429902/principal-cloud-architect-ultimate-software,Ultimate Software,No office location
Senior Software Security Engineer,http://stackoverflow.com//jobs/428736/senior-software-security-engineer-shapeshift,ShapeShift,"Denver, CO"
Frontend Engineer,http://stackoverflow.com//jobs/430521/frontend-engineer-health-prize-technologies,Health Prize Technologies,"Norwalk, CT"
Senior Frontend Engineer,http://stackoverflow.com//jobs/417818/senior-frontend-engineer-eezy-llc,"Eezy, LLC","Bowling Green, KY"
"Full Stack Senior Web Developer, Small Company - Disruptive Product",http://stackoverflow.com//jobs/166416/full-stack-senior-web-developer-small-company-nxtedition,nxtedition,"Malm√∂, Sweden"
Full Stack Web Developer,http://stackoverflow.com//jobs/425119/full-stack-web-developer-the-christian-chain-inc,"The Christian Chain, Inc.",No office location
Fullstack Developer,http://stackoverflow.com//jobs/308837/fullstack-developer-gamblingcom-group,Gambling.com Group,"Dublin, Ireland"
Front-End Developer (React/GraphQL),http://stackoverflow.com//jobs/429079/front-end-developer-react-graphql-apacio-ltd,Apacio Ltd,"Theale, UK"
C# Asp.Net MVC Developer,http://stackoverflow.com//jobs/423171/c-sharp-aspnet-mvc-developer-hays-specialist-recruitment,"Hays Specialist Recruitment Ltd
                        via
Hays plc","Farnborough, UK"
Software Engineer Who Loves Desktop Apps,http://stackoverflow.com//jobs/249158/software-engineer-who-loves-desktop-apps-oreilly-auto-parts,O'Reilly Auto Parts,No office location
Frontend Web Developer (m/f/x),http://stackoverflow.com//jobs/361674/frontend-web-developer-m-f-x-refurbed,refurbed,"Wien, √ñsterreich"
React / D3 Developer,http://stackoverflow.com//jobs/422209/react-d3-developer-yougov,YouGov,No office location
Front End Engineer,http://stackoverflow.com//jobs/159537/front-end-engineer-stardog-union,Stardog Union,"Arlington, VA"
Mobile Engineer,http://stackoverflow.com//jobs/427742/mobile-engineer-density,Density,No office location
Senior PHP Developer,http://stackoverflow.com//jobs/427872/senior-php-developer-defiant-inc,Defiant Inc,No office location
Pleno Front-end Developer na Vizir,http://stackoverflow.com//jobs/431814/pleno-front-end-developer-na-vizir-vizir-software-studio,Vizir Software Studio,No office location
Senior Software Engineer (Go specialist),http://stackoverflow.com//jobs/408448/senior-software-engineer-go-specialist-netdata-inc,NetData Inc.,No office location
Developer (m/w/d) Conversational Artificial Intelligence,http://stackoverflow.com//jobs/399983/developer-m-w-d-conversational-artificial-cas-ag,CAS AG,"Hamburg, Deutschland"
Frontend REACT Engineer,http://stackoverflow.com//jobs/420671/frontend-react-engineer-givelify,Givelify,No office location
Sr. React Engineer for Digital Consumer Products,http://stackoverflow.com//jobs/203714/sr-react-engineer-for-digital-consumer-products-superformula,Superformula,No office location
Senior Web Developer,http://stackoverflow.com//jobs/427242/senior-web-developer-kensington-mortgage-company,"Kensington Mortgage Company
                        via
Intec Select","Maidenhead, UK"
Coin Client Developer,http://stackoverflow.com//jobs/405868/coin-client-developer-alphapoint,AlphaPoint,No office location
Principal React Developer [100% REMOTE],http://stackoverflow.com//jobs/429677/principal-react-developer-100-remote-clevertech,Clevertech,No office location
Frontend Engineer,http://stackoverflow.com//jobs/427850/frontend-engineer-maystreet-inc,MayStreet Inc.,No office location
Software Developer (Remote or Onsite),http://stackoverflow.com//jobs/246026/software-developer-remote-or-onsite-aptera-software,Aptera Software,"Fort Wayne, IN"
Full Stack Web Developer,http://stackoverflow.com//jobs/425119/full-stack-web-developer-the-christian-chain-inc,"The Christian Chain, Inc.",No office location
Fullstack Developer,http://stackoverflow.com//jobs/308837/fullstack-developer-gamblingcom-group,Gambling.com Group,"Dublin, Ireland"
"Python Developer (Onsite in Paris, or Remote in France, UK, Germany)",http://stackoverflow.com//jobs/424545/python-developer-onsite-in-paris-or-remote-in-peopledoc,PeopleDoc,No office location
Front End Engineer,http://stackoverflow.com//jobs/410734/front-end-engineer-facebook,Facebook,"Menlo Park, CA"
Blockchain Researcher Developer,http://stackoverflow.com//jobs/421042/blockchain-researcher-developer-iovlabs,IOVLABS,No office location
Front End Engineer,http://stackoverflow.com//jobs/419303/front-end-engineer-facebook,Facebook,"Menlo Park, CA"
Experienced Full-stack Rails Developer,http://stackoverflow.com//jobs/145818/experienced-full-stack-rails-developer-bloodhub,BloodHub,No office location
Senior iOS Android PHP developer who wants to innovate and help young people.,http://stackoverflow.com//jobs/422024/senior-ios-android-php-developer-who-wants-to-ehealth-international,eHealth International - W8Loss2Go app,No office location
Sr. Node Engineer [100% REMOTE],http://stackoverflow.com//jobs/429680/sr-node-engineer-100-remote-clevertech,Clevertech,No office location
Frontend Web Developer (m/f/x),http://stackoverflow.com//jobs/361674/frontend-web-developer-m-f-x-refurbed,refurbed,"Wien, √ñsterreich"
Software Engineer Who Loves Desktop Apps,http://stackoverflow.com//jobs/249158/software-engineer-who-loves-desktop-apps-oreilly-auto-parts,O'Reilly Auto Parts,No office location
Credit Union Technical Support Engineer,http://stackoverflow.com//jobs/424669/credit-union-technical-support-engineer-jack-henry-associates-inc,"Jack Henry & Associates, Inc.¬Æ",No office location
Senior Frontend Developer (Remote),http://stackoverflow.com//jobs/375433/senior-frontend-developer-remote-hypothesisis,Hypothesis.is,No office location
Shopify Developer,http://stackoverflow.com//jobs/424564/shopify-developer-tako-agency,Tako Agency,No office location
Full Stack Ruby on Rails Developer,http://stackoverflow.com//jobs/116743/full-stack-ruby-on-rails-developer-vmox,vMOX,"Lancaster, PA"
Senior Quality Engineer,http://stackoverflow.com//jobs/409863/senior-quality-engineer-ceros,Ceros,No office location
Front End Developer/Designer,http://stackoverflow.com//jobs/423177/front-end-developer-designer-hays-specialist-recruitment,"Hays Specialist Recruitment Ltd
                        via
Hays plc","Farnborough, UK"
PowerBuilder Developer,http://stackoverflow.com//jobs/426021/powerbuilder-developer-stellar-technology-solutions,Stellar Technology Solutions,"Stroudsburg, PA"
Front End Developer,http://stackoverflow.com//jobs/405900/front-end-developer-iovlabs,IOVLABS,No office location
Senior Front-end Developer,http://stackoverflow.com//jobs/356204/senior-front-end-developer-codility,Codility,No office location
Full Stack .NET/MSSQL Developer,http://stackoverflow.com//jobs/406906/full-stack-net-mssql-developer-microgsd,MicroGSD,No office location
Frontend Architect (m/f/d),http://stackoverflow.com//jobs/409812/frontend-architect-m-f-d-simscale,SimScale,"M√ºnchen, Germany"
Senior Remote Ruby on Rails Developer,http://stackoverflow.com//jobs/406465/senior-remote-ruby-on-rails-developer-nua-solutions-webdoctor,"Nua Solutions (WebDoctor)
                        via
flexhire",No office location
Senior PHP Developer,http://stackoverflow.com//jobs/427872/senior-php-developer-defiant-inc,Defiant Inc,No office location
Full-Stack Python Engineer,http://stackoverflow.com//jobs/374584/full-stack-python-engineer-gorgias,Gorgias,No office location
Frontend REACT Engineer,http://stackoverflow.com//jobs/420671/frontend-react-engineer-givelify,Givelify,No office location
Fullstack developer,http://stackoverflow.com//jobs/415682/fullstack-developer-nurun,Nurun,No office location
Frontend developer - global health data platform,http://stackoverflow.com//jobs/304936/frontend-developer-global-health-data-platform-devotta-as,DevOtta AS,"Otta, Norway"
Senior Backend Engineer - Python,http://stackoverflow.com//jobs/411044/senior-backend-engineer-python-apnatime-tech-private-limited,APNATIME TECH PRIVATE LIMITED,No office location
Front-end Developer,http://stackoverflow.com//jobs/428097/front-end-developer-blackbelt-technology,Blackbelt Technology,No office location
Quality Assurance (QA) Software Tester (m/f/x),http://stackoverflow.com//jobs/424277/quality-assurance-qa-software-tester-m-f-x-refurbed,refurbed,No office location
Full Stack Engineer,http://stackoverflow.com//jobs/415830/full-stack-engineer-sailpoint-technologies-inc,"Sailpoint Technologies, Inc.",No office location
Senior Full-Stack Engineer (Vue/Node),http://stackoverflow.com//jobs/405895/senior-full-stack-engineer-vue-node-wisely,Wisely,No office location
"Python Developer (Onsite in Paris, or Remote in France, UK, Germany)",http://stackoverflow.com//jobs/424545/python-developer-onsite-in-paris-or-remote-in-peopledoc,PeopleDoc,No office location
"Senior Security Researcher, Applications - 100% Remote Canada",http://stackoverflow.com//jobs/208728/senior-security-researcher-applications-100-sonatype,Sonatype,No office location
Coin Client Developer,http://stackoverflow.com//jobs/405868/coin-client-developer-alphapoint,AlphaPoint,No office location
React / D3 Developer,http://stackoverflow.com//jobs/422209/react-d3-developer-yougov,YouGov,No office location
"Senior Security Researcher, Applications - 100% Remote Colombia South America",http://stackoverflow.com//jobs/370875/senior-security-researcher-applications-100-sonatype,Sonatype,No office location
Sr. Full Stack Developer,http://stackoverflow.com//jobs/408163/sr-full-stack-developer-ceros,Ceros,No office location
Senior Frontend Developer,http://stackoverflow.com//jobs/418146/senior-frontend-developer-makeen-technologies-llc,Makeen Technologies LLC,No office location
Shopify Frontend Developer,http://stackoverflow.com//jobs/412753/shopify-frontend-developer-space-48,Space 48,No office location
Shopify Developer,http://stackoverflow.com//jobs/424564/shopify-developer-tako-agency,Tako Agency,No office location
Pessoa Engenheira de Software S√™nior,http://stackoverflow.com//jobs/424349/pessoa-engenheira-de-software-s%C3%AAnior-kenoby-solu%C3%A7%C3%B5es-em-recursos,Kenoby Solu√ß√µes em Recursos Humanos S.A.,No office location
Full-Stack Python Engineer,http://stackoverflow.com//jobs/374584/full-stack-python-engineer-gorgias,Gorgias,No office location
"Senior Security Researcher, Applications - 100% Remote Canada",http://stackoverflow.com//jobs/208728/senior-security-researcher-applications-100-sonatype,Sonatype,No office location
Senior Full Stack Developer,http://stackoverflow.com//jobs/431098/senior-full-stack-developer-nirveda-cognition-inc,Nirveda Cognition Inc.,"Glendale, CA"
Full Stack Software Engineer,http://stackoverflow.com//jobs/417514/full-stack-software-engineer-tmp-worldwide,TMP Worldwide,No office location
Credit Union Technical Support Engineer,http://stackoverflow.com//jobs/424669/credit-union-technical-support-engineer-jack-henry-associates-inc,"Jack Henry & Associates, Inc.¬Æ",No office location
.NET Software Engineer,http://stackoverflow.com//jobs/417513/net-software-engineer-tmp-worldwide,TMP Worldwide,"New York, NY"
Senior Software Engineer Rails/Elm/React,http://stackoverflow.com//jobs/410103/senior-software-engineer-rails-elm-react-hubtran-inc,HubTran Inc.,No office location
Senior Backend Engineer (Python/Django),http://stackoverflow.com//jobs/271844/senior-backend-engineer-python-django-chaturbate,Chaturbate,No office location
Site Reliability Engineer - SRE / DevOps,http://stackoverflow.com//jobs/415843/site-reliability-engineer-sre-devops-quadpay,Quadpay,"New York, NY"
Technical Product Support Engineer,http://stackoverflow.com//jobs/410488/technical-product-support-engineer-olive-ai,Olive AI,No office location
Remote Software Engineer - build top rated SaaS tools for medical researchers,http://stackoverflow.com//jobs/403346/remote-software-engineer-build-top-rated-saas-castor,Castor,No office location
Software Developer,http://stackoverflow.com//jobs/414195/software-developer-opstalent,OpsTalent,"Wroc≈Çaw, Poland"
API Engineering,http://stackoverflow.com//jobs/367310/api-engineering-peerwell-inc,PeerWell Inc.,No office location
Senior Full Stack .Net Web Application Developer,http://stackoverflow.com//jobs/134022/senior-full-stack-net-web-application-developer-maplarge,MapLarge,"Atlanta, GA"
.NET Engineer,http://stackoverflow.com//jobs/366155/net-engineer-brushfire,Brushfire,No office location
Enterprise Software Java/React/Redux Full Web Stack Developer,http://stackoverflow.com//jobs/403073/enterprise-software-java-react-redux-full-web-variphy-inc,Variphy Inc,No office location
Software Engineering Lead,http://stackoverflow.com//jobs/424991/software-engineering-lead-studio-science,Studio Science,"Indianapolis, IN"
Python Full Stack Developer,http://stackoverflow.com//jobs/386498/python-full-stack-developer-repay,REPAY,"Tempe, AZ"
Python Full Stack Developer,http://stackoverflow.com//jobs/386498/python-full-stack-developer-repay,REPAY,"Tempe, AZ"
"Back-end Engineer, Team Lead",http://stackoverflow.com//jobs/426954/back-end-engineer-team-lead-knotch,Knotch,"New York, NY"
Software Engineer Who Loves Modernization,http://stackoverflow.com//jobs/60726/software-engineer-who-loves-modernization-oreilly-auto-parts,O'Reilly Auto Parts,No office location
Senior Python Developer,http://stackoverflow.com//jobs/427042/senior-python-developer-adspert-bidmanagement-gmbh,Adspert | Bidmanagement GmbH,"Berlin, Germany"
.NET Engineer,http://stackoverflow.com//jobs/366155/net-engineer-brushfire,Brushfire,No office location
Senior Back-end / Ruby on Rails Developer,http://stackoverflow.com//jobs/410579/senior-back-end-ruby-on-rails-developer-iubenda,iubenda,"Milan, Italy"
Software Developer III - Remote,http://stackoverflow.com//jobs/423546/software-developer-iii-remote-gpm-corp,"GPM, Corp.","Asheville, NC"
Principal Java Software Engineer/ Tech Lead (Remote in LA Region),http://stackoverflow.com//jobs/417507/principal-java-software-engineer-tech-lead-railroad19,Railroad19,No office location
"Staff Engineer, Front End (Contractor - Remote)",http://stackoverflow.com//jobs/408110/staff-engineer-front-end-contractor-remote-docler-holding,Docler Holding,No office location
Lead Vue.js / PHP developer,http://stackoverflow.com//jobs/397027/lead-vuejs-php-developer-hubx,HUBX,No office location
Senior Software Test Engineer - Remote,http://stackoverflow.com//jobs/431249/senior-software-test-engineer-remote-semanticbits,SemanticBits,No office location
(100% Remote) Ruby / React.js Engineer at Talent Leads team,http://stackoverflow.com//jobs/411472/100-remote-ruby-reactjs-engineer-at-talent-toptal,Toptal,No office location
Senior Software Architect / Engineer who enjoys coding web services in c#,http://stackoverflow.com//jobs/124860/senior-software-architect-engineer-who-enjoys-maplarge,MapLarge,"Atlanta, GA"
Head of Reliability,http://stackoverflow.com//jobs/427690/head-of-reliability-balena,Balena,No office location
Sr. Angular Full-Stack Developer: SaaS Workflow Platform,http://stackoverflow.com//jobs/424986/sr-angular-full-stack-developer-saas-workflow-primotus-llc,"Primotus, LLC",No office location
Software Engineer (C#/.NET),http://stackoverflow.com//jobs/417517/software-engineer-c-sharp-net-tmp-worldwide,TMP Worldwide,"New York, NY"
"Senior Engineer, IAM Continuous Authentication",http://stackoverflow.com//jobs/422707/senior-engineer-iam-continuous-authentication-auth0,Auth0,No office location
Front end full stack developer,http://stackoverflow.com//jobs/430505/front-end-full-stack-developer-mycdd,MYCDD,No office location
"Back End Engineer (NodeJS, TypeScript): Remote (Global)",http://stackoverflow.com//jobs/430513/back-end-engineer-nodejs-typescript-remote-modus-create,Modus Create,No office location
"Full Stack Tech Lead (Angular/Typescript, C#/.NET)",http://stackoverflow.com//jobs/417516/full-stack-tech-lead-angular-typescript-c-sharp-net-tmp-worldwide,TMP Worldwide,No office location
Senior Level Creative Web Designer/Developer,http://stackoverflow.com//jobs/205178/senior-level-creative-web-designer-developer-jonroc,Jonroc,"Richmond, VA"
Software Developers and Operations Personnel for Healthcare Platform,http://stackoverflow.com//jobs/379348/software-developers-and-operations-personnel-for-careevolution,CareEvolution,No office location
SR Django Developer,http://stackoverflow.com//jobs/429467/sr-django-developer-trafilea,Trafilea,No office location
(Senior) Software Engineer,http://stackoverflow.com//jobs/401730/senior-software-engineer-hypatos-gmbh,Hypatos GmbH,"Berlin, Deutschland"
Developer Relations Engineer,http://stackoverflow.com//jobs/420115/developer-relations-engineer-platformsh,Platform.sh,No office location
Software Engineer - Shop.com,http://stackoverflow.com//jobs/419685/software-engineer-shopcom-market-america-shopcom,Market America / Shop.com,No office location
(Senior) Software Engineer,http://stackoverflow.com//jobs/401730/senior-software-engineer-hypatos-gmbh,Hypatos GmbH,"Berlin, Deutschland"
Developer Relations Engineer,http://stackoverflow.com//jobs/420115/developer-relations-engineer-platformsh,Platform.sh,No office location
Lead Vue.js / PHP developer,http://stackoverflow.com//jobs/397027/lead-vuejs-php-developer-hubx,HUBX,No office location
Big Data Engineer,http://stackoverflow.com//jobs/430815/big-data-engineer-bairesdev-llc,BairesDev LLC,"San Francisco, CA"
Frontend React Developer for E-Commerce Analytics Product,http://stackoverflow.com//jobs/431682/frontend-react-developer-for-e-commerce-analytics-scalable-path,Scalable Path,No office location
Software Engineer (C#),http://stackoverflow.com//jobs/428584/software-engineer-c-sharp-thycotic,Thycotic,No office location
Angular 2+ Developer,http://stackoverflow.com//jobs/430807/angular-2-plus-developer-bairesdev-llc,BairesDev LLC,"San Francisco, CA"
Python Data Engineer,http://stackoverflow.com//jobs/420749/python-data-engineer-bitedge,"BitEdge
                        via
Hays plc",No office location
Software Engineer (C#/.NET),http://stackoverflow.com//jobs/417517/software-engineer-c-sharp-net-tmp-worldwide,TMP Worldwide,"New York, NY"
Senior Full-Stack Ruby on Rails Entwickler [100% REMOTE],http://stackoverflow.com//jobs/391421/senior-full-stack-ruby-on-rails-entwickler-100-netskin-gmbh,Netskin GmbH,No office location
React Native Developer,http://stackoverflow.com//jobs/430979/react-native-developer-bairesdev-llc,BairesDev LLC,"San Francisco, CA"
Senior Full Stack Software Engineer (React Python Flask),http://stackoverflow.com//jobs/400104/senior-full-stack-software-engineer-react-python-finetune-learning,FineTune Learning,No office location
"Senior Full-Stack Developer (Node.js, React)",http://stackoverflow.com//jobs/422400/senior-full-stack-developer-nodejs-react-tribe-technologies-inc,Tribe Technologies Inc.,"Toronto, ON, Canada"
React Developer,http://stackoverflow.com//jobs/430766/react-developer-bairesdev-llc,BairesDev LLC,"San Francisco, CA"
Pleno TypeScript Back-end Developer na Vizir,http://stackoverflow.com//jobs/431813/pleno-typescript-back-end-developer-na-vizir-vizir-software-studio,Vizir Software Studio,No office location
.NET Developer,http://stackoverflow.com//jobs/430516/net-developer-bairesdev-llc,BairesDev LLC,"San Francisco, CA"
"Full Stack Tech Lead (Angular/Typescript, C#/.NET)",http://stackoverflow.com//jobs/417516/full-stack-tech-lead-angular-typescript-c-sharp-net-tmp-worldwide,TMP Worldwide,No office location
(100% Remote) Senior Front-end Architect with React,http://stackoverflow.com//jobs/406264/100-remote-senior-front-end-architect-with-toptal,Toptal,No office location
Senior .NET Web Applications Developer,http://stackoverflow.com//jobs/330745/senior-net-web-applications-developer-ethor,eThor,"Calgary, AB, Canada"
QA Engineer - Remote - Eastern Europe,http://stackoverflow.com//jobs/424544/qa-engineer-remote-eastern-europe-mobymax,MobyMax,No office location
Front-end Web Developer for Climate,http://stackoverflow.com//jobs/428721/front-end-web-developer-for-climate-climate-central-inc,"Climate Central, Inc.",No office location
PHP Developer,http://stackoverflow.com//jobs/430804/php-developer-bairesdev-llc,BairesDev LLC,"San Francisco, CA"
Lead Application Developer / Technical Project Manager,http://stackoverflow.com//jobs/160721/lead-application-developer-technical-project-maplarge,MapLarge,"Atlanta, GA"
Senior Front End Engineer,http://stackoverflow.com//jobs/424344/senior-front-end-engineer-primer-ai,Primer AI,"San Francisco, CA"
"Senior software engineer (Typscript, Nextjs, Python, Docker/k8s, Kafka, SQL)",http://stackoverflow.com//jobs/385234/senior-software-engineer-typscript-nextjs-everquote-inc,EverQuote Inc.,No office location
Site Reliability Engineer,http://stackoverflow.com//jobs/419684/site-reliability-engineer-sticker-mule,Sticker Mule,No office location
Senior Software Engineer - Database/Devops Group,http://stackoverflow.com//jobs/341139/senior-software-engineer-database-devops-group-keona-health,Keona Health,No office location
Sr. Full Stack Web Developer (a.k.a. ‚ÄúReact Renegade‚Äù)-Local or Remote,http://stackoverflow.com//jobs/415350/sr-full-stack-web-developer-aka-react-inspectionxpert-corporation,InspectionXpert Corporation,"Raleigh, NC"
Full Stack Engineer,http://stackoverflow.com//jobs/114053/full-stack-engineer-spotme,SpotMe,No office location
DevOps Engineer,http://stackoverflow.com//jobs/420134/devops-engineer-idbydna,IDbyDNA,"San Carlos, CA"
Senior Full Stack Engineer-Ruby on Rails: Remote US Only,http://stackoverflow.com//jobs/428205/senior-full-stack-engineer-ruby-on-rails-remote-valimail,Valimail,No office location
FrontEnd Developer,http://stackoverflow.com//jobs/430831/frontend-developer-bairesdev-llc,BairesDev LLC,"San Francisco, CA"
Senior Software Engineer - Scala,http://stackoverflow.com//jobs/430375/senior-software-engineer-scala-andela,Andela,No office location
Senior Front End Engineer,http://stackoverflow.com//jobs/424344/senior-front-end-engineer-primer-ai,Primer AI,"San Francisco, CA"
"Sr. Quality Engineer, Buyers Experience",http://stackoverflow.com//jobs/414676/sr-quality-engineer-buyers-experience-ebay,eBay,"Netanya, Israel"
Senior C# Developer who loves DevOps,http://stackoverflow.com//jobs/244362/senior-c-sharp-developer-who-loves-devops-maplarge,MapLarge,No office location
.NET  Developer with an English Lit Degree (100% Remote),http://stackoverflow.com//jobs/431255/net-developer-with-an-english-lit-degree-100-intelligent-editing-ltd,Intelligent Editing Ltd,No office location
Frontend Engineer,http://stackoverflow.com//jobs/408485/frontend-engineer-impala,Impala,No office location
Full Stack Developer - Demand,http://stackoverflow.com//jobs/422931/full-stack-developer-demand-everli,Everli,"Verona, Italy"
Remote Java Developer (Support / Bug Fixes),http://stackoverflow.com//jobs/413122/remote-java-developer-support-bug-fixes-hays,"Hays
                        via
Hays plc","Orlando, FL"
Sitecore Developer,http://stackoverflow.com//jobs/426943/sitecore-developer-simple-a,Simple [A],"Austin, TX"
Automated QA Engineer (Remote),http://stackoverflow.com//jobs/423097/automated-qa-engineer-remote-x-team,X-Team,No office location
Senior full stack developer,http://stackoverflow.com//jobs/287875/senior-full-stack-developer-parsage-inc,"Parsage, Inc.","Washington, DC"
Senior UI Engineer,http://stackoverflow.com//jobs/230642/senior-ui-engineer-simon-markets,SIMON Markets,"New York, NY"
Sr. FullStack Engineer - Join the world's first Serverless Super Cloud Startup,http://stackoverflow.com//jobs/422831/sr-fullstack-engineer-join-the-worlds-first-source-coders-inc,Source Coders Inc,No office location
Senior Production Support Engineer/Full Stack Developer,http://stackoverflow.com//jobs/430374/senior-production-support-engineer-full-stack-authority-partners,Authority Partners,No office location
Big Data Engineer,http://stackoverflow.com//jobs/430815/big-data-engineer-bairesdev-llc,BairesDev LLC,"San Francisco, CA"
Lead Software Developer (Capital Markets exp.),http://stackoverflow.com//jobs/420135/lead-software-developer-capital-markets-exp-compliance-solutions,Compliance Solutions Strategies,No office location
"Sr. Quality Engineer, Buyers Experience",http://stackoverflow.com//jobs/414677/sr-quality-engineer-buyers-experience-ebay,eBay,"Netanya, Israel"
Lead Software Developer (Capital Markets exp.),http://stackoverflow.com//jobs/420135/lead-software-developer-capital-markets-exp-compliance-solutions,Compliance Solutions Strategies,No office location
Senior full stack developer,http://stackoverflow.com//jobs/287875/senior-full-stack-developer-parsage-inc,"Parsage, Inc.","Washington, DC"
Senior UI Engineer,http://stackoverflow.com//jobs/230642/senior-ui-engineer-simon-markets,SIMON Markets,"New York, NY"
Magento 2 Front-End Developer,http://stackoverflow.com//jobs/347062/magento-2-front-end-developer-wsm-international-llc,WSM International LLC,"St. Clair Shores, MI"
Senior Drupal Developer For Fast-Paced Consulting Company,http://stackoverflow.com//jobs/273098/senior-drupal-developer-for-fast-paced-consulting-portland-webworks-inc,"Portland Webworks, Inc.","Portland, ME"
Front-end Web Developer for Climate,http://stackoverflow.com//jobs/428721/front-end-web-developer-for-climate-climate-central-inc,"Climate Central, Inc.",No office location
Remote Java Developer (Support / Bug Fixes),http://stackoverflow.com//jobs/413122/remote-java-developer-support-bug-fixes-hays,"Hays
                        via
Hays plc","Orlando, FL"
Sitecore Developer,http://stackoverflow.com//jobs/426943/sitecore-developer-simple-a,Simple [A],"Austin, TX"
Senior Full Stack Engineer-Ruby on Rails: Remote US Only,http://stackoverflow.com//jobs/428205/senior-full-stack-engineer-ruby-on-rails-remote-valimail,Valimail,No office location
Senior macOS Engineer,http://stackoverflow.com//jobs/288997/senior-macos-engineer-duckduckgo,DuckDuckGo,No office location
UI Developer (Remote),http://stackoverflow.com//jobs/419805/ui-developer-remote-crowdstrike-inc,"CrowdStrike, Inc.",No office location
Cloud Data Engineer Lake Formation,http://stackoverflow.com//jobs/426126/cloud-data-engineer-lake-formation-modus-create,Modus Create,No office location
Technical Operations Engineer,http://stackoverflow.com//jobs/408180/technical-operations-engineer-alphapoint,AlphaPoint,No office location
"Senior Engineer, Android",http://stackoverflow.com//jobs/422391/senior-engineer-android-homer,Homer,No office location
Sr. FullStack Engineer - Join the world's first Serverless Super Cloud Startup,http://stackoverflow.com//jobs/422831/sr-fullstack-engineer-join-the-worlds-first-source-coders-inc,Source Coders Inc,No office location
Senior Frontend Developer,http://stackoverflow.com//jobs/412502/senior-frontend-developer-advent-health-partners,Advent Health Partners,No office location
Senior Ruby on Rails Engineer,http://stackoverflow.com//jobs/427555/senior-ruby-on-rails-engineer-mobile-doorman,Mobile Doorman,"Madison, WI"
IoT Embedded Device Builder with Mobile and Full Stack Experience,http://stackoverflow.com//jobs/405863/iot-embedded-device-builder-with-mobile-and-full-maplarge,MapLarge,"Atlanta, GA"
Full Stack Developer,http://stackoverflow.com//jobs/344307/full-stack-developer-endgame360,Endgame360,No office location
"Senior Backend Developer (Node, Event-Driven)",http://stackoverflow.com//jobs/395509/senior-backend-developer-node-event-driven-nacelle,Nacelle,No office location
Web Developer,http://stackoverflow.com//jobs/415835/web-developer-mstoner-inc,"mStoner, Inc.","Chicago, IL"
"Employee No. 12 ‚Äì .NET  Developer (flexible hours, work from anywhere)",http://stackoverflow.com//jobs/410439/employee-no-12-net-developer-flexible-hours-intelligent-editing-ltd,Intelligent Editing Ltd,No office location
Python Engineer - Internal Tooling,http://stackoverflow.com//jobs/414847/python-engineer-internal-tooling-packet-fabric,Packet Fabric,No office location
Senior Ruby on Rails Engineer,http://stackoverflow.com//jobs/428578/senior-ruby-on-rails-engineer-hubstaff,Hubstaff,No office location
Ruby on Rails Developer,http://stackoverflow.com//jobs/225436/ruby-on-rails-developer-nebulab,Nebulab,No office location
Application Security Engineer,http://stackoverflow.com//jobs/423577/application-security-engineer-taxjar,TaxJar,No office location
Ruby Developer - Build vulnerable web applications,http://stackoverflow.com//jobs/414750/ruby-developer-build-vulnerable-web-applications-immersive-labs,Immersive Labs,No office location
Ruby on Rails Developer,http://stackoverflow.com//jobs/225436/ruby-on-rails-developer-nebulab,Nebulab,No office location
Full Stack Web Developer,http://stackoverflow.com//jobs/409612/full-stack-web-developer-sunrise-brands,Sunrise Brands,No office location
Principal Python Software Developer,http://stackoverflow.com//jobs/428732/principal-python-software-developer-railroad19,Railroad19,No office location
Lead Security Engineer,http://stackoverflow.com//jobs/427691/lead-security-engineer-balena,Balena,No office location
Senior Backend Symfony/PHP Engineer,http://stackoverflow.com//jobs/406191/senior-backend-symfony-php-engineer-compucorp,Compucorp,"London, UK"
Senior Frontend Developer,http://stackoverflow.com//jobs/423281/senior-frontend-developer-stacklet-inc,"Stacklet, Inc.",No office location
"Front End Engineer (React, Ionic): Remote (Global)",http://stackoverflow.com//jobs/425456/front-end-engineer-react-ionic-remote-global-modus-create,Modus Create,No office location
Haskell Software Engineer,http://stackoverflow.com//jobs/399257/haskell-software-engineer-interos,Interos,No office location
[Remote] Product Manager - Digital Transformation,http://stackoverflow.com//jobs/416842/remote-product-manager-digital-transformation-cai,"CAI
                        via
Wade & Wendy",No office location
Product Designer [100% REMOTE],http://stackoverflow.com//jobs/426928/product-designer-100-remote-clevertech,Clevertech,No office location
Technical Operations Engineer,http://stackoverflow.com//jobs/408180/technical-operations-engineer-alphapoint,AlphaPoint,No office location
"Senior Devops Engineer (Contract, Remote)",http://stackoverflow.com//jobs/272561/senior-devops-engineer-contract-remote-new-context-services,New Context Services,No office location
Quality Engineer,http://stackoverflow.com//jobs/419704/quality-engineer-ultranauts-inc,Ultranauts Inc,No office location
Senior Solutions Architect (Remote),http://stackoverflow.com//jobs/372624/senior-solutions-architect-remote-new-context-services,New Context Services,No office location
Backend Engineer (C#),http://stackoverflow.com//jobs/422652/backend-engineer-c-sharp-impala,Impala,No office location
Site Reliability Engineer,http://stackoverflow.com//jobs/308372/site-reliability-engineer-spotme,SpotMe,No office location
Senior Web Designer,https://weworkremotely.com//remote-jobs/people-first-solutions-senior-web-designer,People First SolutionsÔøº,Anywhere (100% Remote) Only
Full-stack Web Developer (Front-end & PHP/WordPress),https://weworkremotely.com//remote-jobs/harbinger-marketing-full-stack-web-developer-front-end-php-wordpress,Harbinger Marketing,Anywhere (100% Remote) Only
eCommerce Designer/Developer,https://weworkremotely.com//remote-jobs/streamline-retail-ecommerce-designer-developer,Streamline Retail,USA Only
Node.js Developer,https://remoteok.io//remote-jobs/98874-remote-node-js-developer-savvy-apps,Savvy Apps,North America
Frontend React Developer For E Commerce Analytics Product,https://remoteok.io//remote-jobs/98884-remote-frontend-react-developer-for-e-commerce-analytics-product-scalable-path,Scalable Path,No location
Software Engineer - Live Video App,https://remoteok.io//remote-jobs/98865-remote-software-engineer-live-video-app-strydal,Strydal,üá™üá∫ EU-only
Senior Developer Advocate,https://remoteok.io//remote-jobs/98861-remote-senior-developer-advocate-cube-dev-inc,"Cube Dev, Inc.",üåè Worldwide
Senior Software Engineer,https://remoteok.io//remote-jobs/98784-remote-senior-software-engineer-agsquared,AgSquared,üåè Worldwide
React Native Developer,https://remoteok.io//remote-jobs/98822-remote-react-native-developer-bairesdev,BairesDev,No location
Senior React Native Mobile Developer,https://remoteok.io//remote-jobs/98812-remote-senior-react-native-mobile-developer-jbs-custom-software-solutions,JBS Custom Software Solutions,No location
Angular 2 Developer,https://remoteok.io//remote-jobs/98793-remote-angular-2-developer-bairesdev,BairesDev,No location
Node.js Developer,https://remoteok.io//remote-jobs/98786-remote-node-js-developer-bairesdev,BairesDev,No location
React Developer,https://remoteok.io//remote-jobs/98782-remote-react-developer-bairesdev,BairesDev,No location
Senior Javascript Developer With PHP Graphql Experience,https://remoteok.io//remote-jobs/98707-remote-senior-javascript-developer-with-php-graphql-experience-scalable-path,Scalable Path,No location
Angular Developer Consultant,https://remoteok.io//remote-jobs/98696-remote-angular-developer-consultant-bitovi,Bitovi,No location
Senior Front End JS Developer,https://remoteok.io//remote-jobs/98672-remote-senior-front-end-js-developer-iubenda,iubenda,No location
Senior Node.js Microservices Developer,https://remoteok.io//remote-jobs/97004-remote-senior-node-js-microservices-developer-turbulent-x-cloud-imperium-games-star-citizen,Turbulent x Cloud Imperium Games (Star Citizen),üåè Worldwide
Freelance React Developer ‚Äì,https://remoteok.io//remote-jobs/98613-remote-freelance-react-developer-remote-toptal,Toptal,üåè Worldwide
Senior React Developer,https://remoteok.io//remote-jobs/98601-remote-senior-react-developer-appevolve,AppEvolve,No location
Senior React Developer,https://remoteok.io//remote-jobs/98583-remote-senior-react-developer-sherpany-ag,Sherpany AG,No location
Software Entwickler F√ºr Javascript Node.js Applikationen,https://remoteok.io//remote-jobs/98515-remote-software-entwickler-fur-javascript-node-js-applikationen-elunic-ag,elunic AG,No location
Full Stack Laravel React Developer,https://remoteok.io//remote-jobs/98499-remote-full-stack-laravel-react-developer-scalable-path,Scalable Path,No location
Senior Software Engineer Angular 2,https://remoteok.io//remote-jobs/98481-remote-senior-software-engineer-angular-2-digarc,DIGARC,No location
Senior Full Stack Laravel React Developer,https://remoteok.io//remote-jobs/98480-remote-senior-full-stack-laravel-react-developer-scalable-path,Scalable Path,No location
Javascript Developer,https://remoteok.io//remote-jobs/98449-remote-javascript-developer-kinsta,Kinsta,No location
Web Developer,https://remoteok.io//remote-jobs/98442-remote-web-developer-saloninteractive,SalonInteractive,üåè Worldwide
Full Stack .NET Mssql JS Developer,https://remoteok.io//remote-jobs/98437-remote-full-stack-net-mssql-js-developer-microgsd,MicroGSD,No location
Lead Software Engineer,https://remoteok.io//remote-jobs/98418-remote-lead-software-engineer-greetly,Greetly,üá∫üá∏ US-only
Senior Nodejs Engineer [],https://remoteok.io//remote-jobs/98363-remote-senior-nodejs-engineer-remote-bitfinex,Bitfinex,üåè Worldwide
Senior Nodejs Back End Software Developer,https://remoteok.io//remote-jobs/98280-remote-senior-nodejs-back-end-software-developer-prometheum,Prometheum,No location
Javascript Developer,https://remoteok.io//remote-jobs/98199-remote-javascript-developer-unops,UNOPS,No location
Senior MERN Stack Developer,https://remoteok.io//remote-jobs/98188-remote-senior-mern-stack-developer-aktek,AKTEK,üá™üá∫ EU-only
Javascript Typescript Node Developer,https://remoteok.io//remote-jobs/98147-remote-javascript-typescript-node-developer-tsp-consulting,TSP Consulting,No location
Full Stack React Developer,https://remoteok.io//remote-jobs/98120-remote-full-stack-react-developer-plex,Plex,No location
Full Stack React Node Developer,https://remoteok.io//remote-jobs/98156-remote-full-stack-react-node-developer-plex,Plex,No location
Senior Javascript Full Stack Developer,https://remoteok.io//remote-jobs/98118-remote-senior-javascript-full-stack-developer-juxly,Juxly,No location
Angular Full Stack Developer Saas Workflow Platform,https://remoteok.io//remote-jobs/98093-remote-angular-full-stack-developer-saas-workflow-platform-primotus,Primotus,No location
PHP Javascript Entwickler Mit Einem Faible F√ºr Datenprozesse,https://remoteok.io//remote-jobs/98029-remote-php-javascript-entwickler-mit-einem-faible-fur-datenprozesse-publicare-marketing-communications,Publicare Marketing Communications,No location
Senior React Native Developer,https://remoteok.io//remote-jobs/98004-remote-senior-react-native-developer-appevolve,AppEvolve,No location
Enterprise Software Java React Redux Full Web Stack Developer,https://remoteok.io//remote-jobs/97987-remote-enterprise-software-java-react-redux-full-web-stack-developer-variphy,Variphy,No location
Senior Front End Developer,https://remoteok.io//remote-jobs/97965-remote-senior-front-end-developer-sam,Sam :],üá™üá∫ EU-only
React Frontend Developer,https://remoteok.io//remote-jobs/97920-remote-react-frontend-developer-veezoo-ag,Veezoo AG,No location
React Native Developer,https://remoteok.io//remote-jobs/97918-remote-react-native-developer-mozn,Mozn,üåè Worldwide
Full Stack .NET Angular Developer,https://remoteok.io//remote-jobs/97890-remote-full-stack-net-angular-developer-datalink-software,DATALINK SOFTWARE,No location
Senior Full Stack Developer,https://remoteok.io//remote-jobs/97818-remote-senior-full-stack-developer-remote-remo,Remo,üåè Worldwide
Full Stack Nuxt JS Developer,https://remoteok.io//remote-jobs/97813-remote-full-stack-nuxt-js-developer-nacelle,Nacelle,No location
Java React Developer,https://remoteok.io//remote-jobs/97794-remote-java-react-developer-boyle-software,Boyle Software,No location
Sr. React Developer,https://remoteok.io//remote-jobs/97773-remote-sr-react-developer-koinly,Koinly,üåè Worldwide
Software Engineer Javascript Node.js,https://remoteok.io//remote-jobs/97767-remote-software-engineer-javascript-node-js-factset,FactSet,No location
Senior React Developer,https://remoteok.io//remote-jobs/97710-remote-senior-react-developer-djangoforce,DjangoForce,No location
React D3 Developer,https://remoteok.io//remote-jobs/97657-remote-react-d3-developer-yougov,YouGov,No location
Senior Full Stack Javascript Developer,https://remoteok.io//remote-jobs/97639-remote-senior-full-stack-javascript-developer-upstack,Upstack,No location
React JS Developer,https://remoteok.io//remote-jobs/97572-remote-react-js-developer-komoot,komoot,üá™üá∫ EU-only
Javascript Full Stack Developer,https://remoteok.io//remote-jobs/97480-remote-javascript-full-stack-developer-ifit,iFit,No location
Senior Software Engineer Rails Elm React,https://remoteok.io//remote-jobs/97453-remote-senior-software-engineer-rails-elm-react-hubtran,HubTran,No location
Frontend Developer,https://remoteok.io//remote-jobs/96902-remote-frontend-developer-sporty,Sporty,üåè Worldwide
