Solutions Architect (Python),http://stackoverflow.com//jobs/406907/solutions-architect-python-repay,REPAY,"Tempe, AZ"
Senior Python Back End Engineer (Remote-Brazil),http://stackoverflow.com//jobs/430974/senior-python-back-end-engineer-remote-brazil-loadsmart,Loadsmart,No office location
Senior Backend Engineer - Python,http://stackoverflow.com//jobs/411044/senior-backend-engineer-python-apnatime-tech-private-limited,APNATIME TECH PRIVATE LIMITED,No office location
Full-Stack Python Engineer,http://stackoverflow.com//jobs/374584/full-stack-python-engineer-gorgias,Gorgias,No office location
Python Developer (Rust a huge plus) (Remote),http://stackoverflow.com//jobs/431612/python-developer-rust-a-huge-plus-remote-x-team,X-Team,No office location
Django/Python Backend Engineer,http://stackoverflow.com//jobs/415347/django-python-backend-engineer-policyfly,PolicyFly,No office location
Senior Backend Software Engineer (Python),http://stackoverflow.com//jobs/408170/senior-backend-software-engineer-python-curative-inc,"Curative, Inc",No office location
Python Full Stack Developer,http://stackoverflow.com//jobs/386498/python-full-stack-developer-repay,REPAY,"Tempe, AZ"
Senior Python Developer,http://stackoverflow.com//jobs/427042/senior-python-developer-adspert-bidmanagement-gmbh,Adspert | Bidmanagement GmbH,"Berlin, Germany"
"Python Developer (Onsite in Paris, or Remote in France, UK, Germany)",http://stackoverflow.com//jobs/424545/python-developer-onsite-in-paris-or-remote-in-peopledoc,PeopleDoc,No office location
Senior Backend Engineer (Python/Django),http://stackoverflow.com//jobs/271844/senior-backend-engineer-python-django-chaturbate,Chaturbate,No office location
Data Engineer (Python/Postgres),http://stackoverflow.com//jobs/427856/data-engineer-python-postgres-omicron,Omicron,"Orlando, FL"
Remote Senior Developer (ReactJS / Python / Django),http://stackoverflow.com//jobs/372563/remote-senior-developer-reactjs-python-jbs-custom-software-solutions,JBS Custom Software Solutions,No office location
"Fullstack Engineer - Python/Flask, React (100% Remote)",http://stackoverflow.com//jobs/420136/fullstack-engineer-python-flask-react-100-postscript,Postscript,No office location
Python Developer,http://stackoverflow.com//jobs/407736/python-developer-yougov,YouGov,No office location
Sr. Python Engineer [100% Remote],http://stackoverflow.com//jobs/429681/sr-python-engineer-100-remote-clevertech,Clevertech,No office location
Python Data Engineer,http://stackoverflow.com//jobs/420749/python-data-engineer-bitedge,"BitEdge
                        via
Hays plc",No office location
Python Developer,http://stackoverflow.com//jobs/430795/python-developer-bairesdev-llc,BairesDev LLC,"San Francisco, CA"
Senior Full Stack Python Developer,http://stackoverflow.com//jobs/427297/senior-full-stack-python-developer-repay,REPAY,"Tempe, AZ"
Senior Software Engineer - Python,http://stackoverflow.com//jobs/425402/senior-software-engineer-python-digarc,DIGARC,No office location
Senior Full Stack Software Engineer (React Python Flask),http://stackoverflow.com//jobs/400104/senior-full-stack-software-engineer-react-python-finetune-learning,FineTune Learning,No office location
Python Engineer,http://stackoverflow.com//jobs/431385/python-engineer-market-america-shopcom,Market America / Shop.com,No office location
Python Engineer,http://stackoverflow.com//jobs/419347/python-engineer-tiledb-inc,"TileDB, Inc.","Cambridge, MA"
Cloud Native Python Developer,http://stackoverflow.com//jobs/431394/cloud-native-python-developer-railroad19,Railroad19,No office location
"Senior software engineer (Typscript, Nextjs, Python, Docker/k8s, Kafka, SQL)",http://stackoverflow.com//jobs/385234/senior-software-engineer-typscript-nextjs-everquote-inc,EverQuote Inc.,No office location
Senior Backend Engineer - Rails,http://stackoverflow.com//jobs/427744/senior-backend-engineer-rails-fortressiq,FortressIQ,No office location
Cloud Native Python Developer,http://stackoverflow.com//jobs/431394/cloud-native-python-developer-railroad19,Railroad19,No office location
"Experienced Python Developer - Fully Remote in Euro tz - Talented, Friendly Team",http://stackoverflow.com//jobs/358001/experienced-python-developer-fully-remote-in-shiphero,ShipHero,No office location
Senior Data Engineer – ETL Pipelines - Python - Cybersecurity,http://stackoverflow.com//jobs/421770/senior-data-engineer-etl-pipelines-python-praetorian-cybersecurity,"Praetorian Cybersecurity
                        via
Uplink Software Solutions",No office location
Python Engineer - Internal Tooling,http://stackoverflow.com//jobs/414847/python-engineer-internal-tooling-packet-fabric,Packet Fabric,No office location
Principal Python Software Developer,http://stackoverflow.com//jobs/428732/principal-python-software-developer-railroad19,Railroad19,No office location
Sr. Engineer - Python Dev (Remote),http://stackoverflow.com//jobs/422701/sr-engineer-python-dev-remote-crowdstrike-inc,"CrowdStrike, Inc.",No office location
Terraform SDK - Contractor,http://stackoverflow.com//jobs/425446/terraform-sdk-contractor-rollbar,Rollbar,No office location
React Engineer,http://stackoverflow.com//jobs/431371/react-engineer-finetune-learning,FineTune Learning,No office location
Principal Backend Engineer - Rails,http://stackoverflow.com//jobs/431807/principal-backend-engineer-rails-fortressiq,FortressIQ,No office location
Backend Engineer,http://stackoverflow.com//jobs/430805/backend-engineer-actio,Actio,"Berlin, Germany"
Senior Backend Engineer (Remote or NYC),http://stackoverflow.com//jobs/283527/senior-backend-engineer-remote-or-nyc-noom,Noom,"New York, NY"
"Software Engineer, Backend (Remote)",http://stackoverflow.com//jobs/279346/software-engineer-backend-remote-hotjar,Hotjar,No office location
Senior Backend Developer (Remote),http://stackoverflow.com//jobs/375432/senior-backend-developer-remote-hypothesisis,Hypothesis.is,No office location
Full Stack Web Developer,http://stackoverflow.com//jobs/370918/full-stack-web-developer-art-logic-inc,"Art & Logic, Inc.",No office location
Senior Backend Engineer,http://stackoverflow.com//jobs/414864/senior-backend-engineer-tutorme,TutorMe,"Los Angeles, CA"
Back-end Engineer - Ecosystem,http://stackoverflow.com//jobs/422191/back-end-engineer-ecosystem-7bridges,7Bridges,"Lisbon, Portugal"
Senior Software Engineer (Remote),http://stackoverflow.com//jobs/162807/senior-software-engineer-remote-web-summit,Web Summit,"Dublin, Ireland"
Software Engineer - Backend,http://stackoverflow.com//jobs/423180/software-engineer-backend-blameless,Blameless,No office location
Senior Front End Engineer (Remote-Brazil),http://stackoverflow.com//jobs/425457/senior-front-end-engineer-remote-brazil-loadsmart,Loadsmart,No office location
Senior Full Stack Developer,http://stackoverflow.com//jobs/431098/senior-full-stack-developer-nirveda-cognition-inc,Nirveda Cognition Inc.,"Glendale, CA"
Software Engineer Backend (m/f/d) Rust,http://stackoverflow.com//jobs/415671/software-engineer-backend-m-f-d-rust-snapview-gmbh,Snapview GmbH,"München, Deutschland"
Software Engineering Architect  Payments  & Processing,http://stackoverflow.com//jobs/431674/software-engineering-architect-payments-givelify,Givelify,No office location
Full Stack Developer,http://stackoverflow.com//jobs/429076/full-stack-developer-decodifyme-llc,Decodify.me LLC,No office location
Software Engineering Lead,http://stackoverflow.com//jobs/300207/software-engineering-lead-soteria,Soteria,"North Charleston, SC"
Software Engineering Lead,http://stackoverflow.com//jobs/300207/software-engineering-lead-soteria,Soteria,"North Charleston, SC"
Senior Full Stack Engineer (REMOTE),http://stackoverflow.com//jobs/406197/senior-full-stack-engineer-remote-sector-labs,Sector Labs,No office location
Software Engineering Architect  Payments  & Processing,http://stackoverflow.com//jobs/431674/software-engineering-architect-payments-givelify,Givelify,No office location
Senior Software Engineer,http://stackoverflow.com//jobs/391469/senior-software-engineer-bombora,Bombora,No office location
SR Django Developer,http://stackoverflow.com//jobs/429467/sr-django-developer-trafilea,Trafilea,No office location
Senior Full Stack Engineer (Remote OR NYC),http://stackoverflow.com//jobs/283522/senior-full-stack-engineer-remote-or-nyc-noom,Noom,"New York, NY"
Back-End Engineer,http://stackoverflow.com//jobs/371615/back-end-engineer-gorgias,Gorgias,No office location
Remote DevOps Engineer,http://stackoverflow.com//jobs/422694/remote-devops-engineer-digitalcrafts,DigitalCrafts,"Fort Worth, TX"
Sr. DevOps / Site Reliability Engineer (Kubernetes) - MariaDB - Fully Remote,http://stackoverflow.com//jobs/420668/sr-devops-site-reliability-engineer-source-coders-inc,Source Coders Inc,"Sofia, Bulgaria"
Sr. or Lead Site Reliability Engineer (Kubernetes) - MariaDB - Fully Remote,http://stackoverflow.com//jobs/425580/sr-or-lead-site-reliability-engineer-source-coders-inc,Source Coders Inc,"Redwood City, CA"
Software Engineer,http://stackoverflow.com//jobs/423849/software-engineer-skylight,Skylight,"Washington, DC"
Senior backend PHP developer,http://stackoverflow.com//jobs/373019/senior-backend-php-developer-debunkeu,Debunk.eu,"Vilnius, Lithuania"
Techlead / Engineering Manager (m/f/x) Cloud Streaming Platform,http://stackoverflow.com//jobs/425397/techlead-engineering-manager-m-f-x-cloud-avantgarde-creating-fans,"AVANTGARDE - ""Creating Fans""","Berlin, Deutschland"
Embedded Software Engineer,http://stackoverflow.com//jobs/421749/embedded-software-engineer-angoka,"Angoka
                        via
Hays plc","Belfast, UK"
Senior Data Software Engineer,http://stackoverflow.com//jobs/399258/senior-data-software-engineer-interos,Interos,"Arlington, VA"
Senior Backend Developer - Data Science,http://stackoverflow.com//jobs/407925/senior-backend-developer-data-science-komoot,komoot,No office location
Software Engineering Architect –Charitable Donations & Payments,http://stackoverflow.com//jobs/394313/software-engineering-architect-charitable-givelify,Givelify,No office location
Senior SRE Engineer (Remote),http://stackoverflow.com//jobs/410648/senior-sre-engineer-remote-hotjar,Hotjar,No office location
Software Engineer,http://stackoverflow.com//jobs/397070/software-engineer-ready-robotics,READY Robotics,"Columbus, OH"
Senior Full Stack JavaScript Developer - Remote,http://stackoverflow.com//jobs/422075/senior-full-stack-javascript-developer-remote-upstack,Upstack,No office location
Remote DevOps Engineer,http://stackoverflow.com//jobs/431258/remote-devops-engineer-verys,Verys,"Santa Ana, CA"
(Senior) Software Engineer,http://stackoverflow.com//jobs/401730/senior-software-engineer-hypatos-gmbh,Hypatos GmbH,"Berlin, Deutschland"
Unmanned Aerial System Back-End GIS Software Engineer,http://stackoverflow.com//jobs/387962/unmanned-aerial-system-back-end-gis-software-pemdas-technologies-and,PEMDAS Technologies and Innovations,No office location
Senior Frontend Developer (Remote),http://stackoverflow.com//jobs/375433/senior-frontend-developer-remote-hypothesisis,Hypothesis.is,No office location
Développeur Back-End- Mission Freelance & Semi-Remote Nice,http://stackoverflow.com//jobs/417779/d%C3%A9veloppeur-back-end-mission-freelance-semi-skillvalue,SkillValue,No office location
Senior Platform Engineer,http://stackoverflow.com//jobs/406677/senior-platform-engineer-paige,Paige,No office location
Blockchain Researcher Developer,http://stackoverflow.com//jobs/421042/blockchain-researcher-developer-iovlabs,IOVLABS,No office location
Senior Full Stack JavaScript Developer - Remote,http://stackoverflow.com//jobs/422075/senior-full-stack-javascript-developer-remote-upstack,Upstack,No office location
Cloud Data Engineer (Azure),http://stackoverflow.com//jobs/431809/cloud-data-engineer-azure-navy-federal-credit-union,Navy Federal Credit Union,"Vienna, VA"
Remote DevOps Engineer,http://stackoverflow.com//jobs/431258/remote-devops-engineer-verys,Verys,"Santa Ana, CA"
Senior Go Developer (Remote),http://stackoverflow.com//jobs/235208/senior-go-developer-remote-x-team,X-Team,No office location
"Senior Software Engineer, AI",http://stackoverflow.com//jobs/406678/senior-software-engineer-ai-paige,Paige,"New York, NY"
Senior Frontend Developer (Remote),http://stackoverflow.com//jobs/375433/senior-frontend-developer-remote-hypothesisis,Hypothesis.is,No office location
Senior Data Scientist,http://stackoverflow.com//jobs/406624/senior-data-scientist-komoot,komoot,"Berlin, Germany"
Full Stack Developer - Retail & Catalog,http://stackoverflow.com//jobs/415688/full-stack-developer-retail-catalog-everli,Everli,"Verona, Italy"
Experienced Back-end Developer for Large Autonomous Unmanned Aerial Systems,http://stackoverflow.com//jobs/388918/experienced-back-end-developer-for-large-pemdas-technologies-and,PEMDAS Technologies and Innovations,No office location
Data Engineer (Remote),http://stackoverflow.com//jobs/299049/data-engineer-remote-blue-orange-digital,Blue Orange Digital,No office location
Data Curation Engineer,http://stackoverflow.com//jobs/431819/data-curation-engineer-calico,Calico,No office location
Reliability Engineer (m/w/d),http://stackoverflow.com//jobs/422623/reliability-engineer-m-w-d-noris-network-ag,noris network AG,"Nürnberg, Deutschland"
Backend Engineer,http://stackoverflow.com//jobs/431391/backend-engineer-deepgram,Deepgram,No office location
Senior Full Stack Developer,http://stackoverflow.com//jobs/408184/senior-full-stack-developer-documate,Documate,"Los Angeles, CA"
Frontend React Developer for E-Commerce Analytics Product,http://stackoverflow.com//jobs/431682/frontend-react-developer-for-e-commerce-analytics-scalable-path,Scalable Path,No office location
Machine Learning Engineer,http://stackoverflow.com//jobs/427425/machine-learning-engineer-zeroeyes,ZeroEyes,"Philadelphia, PA"
Data Scientist (Remote),http://stackoverflow.com//jobs/297351/data-scientist-remote-blue-orange-digital,Blue Orange Digital,No office location
Lead Data Engineer,http://stackoverflow.com//jobs/431276/lead-data-engineer-thoughtworks-north-america,ThoughtWorks - North America,No office location
AWS Cloud Consultant,http://stackoverflow.com//jobs/429899/aws-cloud-consultant-mphasis-stelligent,Mphasis-Stelligent,No office location
SDET - Machine Learning Team (Remote),http://stackoverflow.com//jobs/422704/sdet-machine-learning-team-remote-crowdstrike-inc,"CrowdStrike, Inc.",No office location
Full Stack Engineer - Operations,http://stackoverflow.com//jobs/422211/full-stack-engineer-operations-everli,Everli,"Verona, Italy"
Full Stack Engineer / Server Developer - help us create amazing games!,http://stackoverflow.com//jobs/415698/full-stack-engineer-server-developer-help-us-kwalee-ltd,kwalee Ltd,No office location
Data Scientist,http://stackoverflow.com//jobs/205179/data-scientist-strong-analytics,Strong Analytics,"Chicago, IL"
Business Intelligence Engineer,http://stackoverflow.com//jobs/429692/business-intelligence-engineer-postscript,Postscript,No office location
Data Engineer,http://stackoverflow.com//jobs/415728/data-engineer-quadpay,Quadpay,"New York, NY"
Cloud Data Engineer Lake Formation,http://stackoverflow.com//jobs/426126/cloud-data-engineer-lake-formation-modus-create,Modus Create,No office location
Senior Machine Learning Engineer - Remote - EU Time Zone,http://stackoverflow.com//jobs/428564/senior-machine-learning-engineer-remote-eu-cvedia,CVEDIA,No office location
Senior Software Engineer - Infrastructure,http://stackoverflow.com//jobs/386170/senior-software-engineer-infrastructure-outschool,Outschool,"San Francisco, CA"
Senior Full Stack Developer,http://stackoverflow.com//jobs/408184/senior-full-stack-developer-documate,Documate,"Los Angeles, CA"
Data Scientist,http://stackoverflow.com//jobs/205179/data-scientist-strong-analytics,Strong Analytics,"Chicago, IL"
CTO / Co- Founder Human-Centered AI (m/f/d) - Remote,http://stackoverflow.com//jobs/168909/cto-co-founder-human-centered-ai-m-f-d-ganz-stock,Ganz & Stock,No office location
Senior Developer Dovecot QA,http://stackoverflow.com//jobs/428539/senior-developer-dovecot-qa-open-xchange-gmbh,Open-Xchange GmbH,No office location
Site Reliability Engineer,http://stackoverflow.com//jobs/421206/site-reliability-engineer-maystreet-inc,MayStreet Inc.,"New York, NY"
Technical Product Support Engineer,http://stackoverflow.com//jobs/410488/technical-product-support-engineer-olive-ai,Olive AI,No office location
Full Stack Engineer,http://stackoverflow.com//jobs/411412/full-stack-engineer-xoi-technologies,XOi Technologies,No office location
Integrations Engineer (Remote),http://stackoverflow.com//jobs/408566/integrations-engineer-remote-x-team,X-Team,No office location
Senior Kernel Engineer,http://stackoverflow.com//jobs/421041/senior-kernel-engineer-suse,SUSE,No office location
Senior Backend Engineer,http://stackoverflow.com//jobs/424118/senior-backend-engineer-primer-ai,Primer AI,No office location
"Senior Security Researcher, Applications - 100% Remote Colombia South America",http://stackoverflow.com//jobs/370875/senior-security-researcher-applications-100-sonatype,Sonatype,No office location
Dev Ops Engineer,http://stackoverflow.com//jobs/423570/dev-ops-engineer-certica-solutions,Certica Solutions,No office location
Data Engineer,http://stackoverflow.com//jobs/409609/data-engineer-bombora,Bombora,No office location
DevOps Engineer,http://stackoverflow.com//jobs/428591/devops-engineer-practichem,Practichem,No office location
Senior Devops Engingeer,http://stackoverflow.com//jobs/426121/senior-devops-engingeer-mastery-logistics-systems,"Mastery Logistics Systems, Inc.",No office location
Linux / SRE Engineer,http://stackoverflow.com//jobs/406286/linux-sre-engineer-shiphero,ShipHero,No office location
Security Engineer (remote),http://stackoverflow.com//jobs/397331/security-engineer-remote-platformsh,Platform.sh,No office location
Senior Software Engineer (Go) - 100% remote (UK/EU only),http://stackoverflow.com//jobs/230221/senior-software-engineer-go-100-remote-uk-form3-financial-cloud,Form3 - Financial Cloud,"London, UK"
"Technical Account Manager (EMEA based, French speaker)",http://stackoverflow.com//jobs/416805/technical-account-manager-emea-based-french-platformsh,Platform.sh,No office location
"Senior Security Researcher, Applications - 100% Remote Canada",http://stackoverflow.com//jobs/208728/senior-security-researcher-applications-100-sonatype,Sonatype,No office location
Senior DevOps/System Engineer,http://stackoverflow.com//jobs/401366/senior-devops-system-engineer-hypatos-gmbh,Hypatos GmbH,"Berlin, Deutschland"
"Senior Devops Engineer (Contract, Remote)",http://stackoverflow.com//jobs/272561/senior-devops-engineer-contract-remote-new-context-services,New Context Services,No office location
Cloud Data Engineer Lake Formation,http://stackoverflow.com//jobs/426126/cloud-data-engineer-lake-formation-modus-create,Modus Create,No office location
Engineer II,http://stackoverflow.com//jobs/422703/engineer-ii-crowdstrike-inc,"CrowdStrike, Inc.",No office location
CTO / Co- Founder Human-Centered AI (m/f/d) - Remote,http://stackoverflow.com//jobs/168909/cto-co-founder-human-centered-ai-m-f-d-ganz-stock,Ganz & Stock,No office location
Senior Data Engineer,http://stackoverflow.com//jobs/365653/senior-data-engineer-styleseat,StyleSeat,No office location
Technical Product Support Engineer,http://stackoverflow.com//jobs/410488/technical-product-support-engineer-olive-ai,Olive AI,No office location
Senior Kernel Engineer,http://stackoverflow.com//jobs/421041/senior-kernel-engineer-suse,SUSE,No office location
Machine Learning Specialist,http://stackoverflow.com//jobs/413516/machine-learning-specialist-advent-health-partners,Advent Health Partners,No office location
Senior Devops Engingeer,http://stackoverflow.com//jobs/426121/senior-devops-engingeer-mastery-logistics-systems,"Mastery Logistics Systems, Inc.",No office location
Security Engineer (remote),http://stackoverflow.com//jobs/397331/security-engineer-remote-platformsh,Platform.sh,No office location
Senior Software Engineer in Network Automation,http://stackoverflow.com//jobs/403003/senior-software-engineer-in-network-automation-packet-fabric,Packet Fabric,No office location
Senior Software Engineer (Go) - 100% remote (UK/EU only),http://stackoverflow.com//jobs/230221/senior-software-engineer-go-100-remote-uk-form3-financial-cloud,Form3 - Financial Cloud,"London, UK"
Experienced Backend Engineer - Java - Remote,http://stackoverflow.com//jobs/410137/experienced-backend-engineer-java-remote-theorem-llc,"Theorem, LLC",No office location
Security Engineer - Remote,http://stackoverflow.com//jobs/170508/security-engineer-remote-numbrs,Numbrs,No office location
Software Engineer,http://stackoverflow.com//jobs/428730/software-engineer-shapeshift,ShapeShift,"Denver, CO"
"Senior full-stack engineer (Go, React, AWS)",http://stackoverflow.com//jobs/417931/senior-full-stack-engineer-go-react-aws-arcivr,Arcivr,No office location
Senior Software Engineer,http://stackoverflow.com//jobs/428723/senior-software-engineer-shapeshift,ShapeShift,"Denver, CO"
Network Architect,http://stackoverflow.com//jobs/403113/network-architect-packet-fabric,Packet Fabric,No office location
Senior Fullstack Engineer (Remote),http://stackoverflow.com//jobs/417479/senior-fullstack-engineer-remote-web-summit,Web Summit,No office location
Site Reliability Engineer - SRE / DevOps,http://stackoverflow.com//jobs/415843/site-reliability-engineer-sre-devops-quadpay,Quadpay,"New York, NY"
PHP Developer for BLOX/RAYOS CMS,http://stackoverflow.com//jobs/431681/php-developer-for-blox-rayos-cms-townnews,TownNews,"Moline, IL"
Full Stack JavaScript Developer,http://stackoverflow.com//jobs/420638/full-stack-javascript-developer-ids-international,IDS International,No office location
Platform engineer to build an amazing internal platform,http://stackoverflow.com//jobs/420100/platform-engineer-to-build-an-amazing-internal-urbantz,URBANTZ,No office location
Software Engineer VR/AR,http://stackoverflow.com//jobs/422690/software-engineer-vr-ar-swivel,Swivel,"Austin, TX"
"Software Engineer - Android (Remote, US Timezones Only, Fulltime/Benefits)",http://stackoverflow.com//jobs/423695/software-engineer-android-remote-us-timezones-gaia-gps,Gaia GPS,No office location
Platform engineer to build an amazing internal platform,http://stackoverflow.com//jobs/420100/platform-engineer-to-build-an-amazing-internal-urbantz,URBANTZ,No office location
Software Engineer VR/AR,http://stackoverflow.com//jobs/422690/software-engineer-vr-ar-swivel,Swivel,"Austin, TX"
"Java Developer (Onsite in Paris, or Remote in France, UK, Germany)",http://stackoverflow.com//jobs/424546/java-developer-onsite-in-paris-or-remote-in-peopledoc,PeopleDoc,No office location
Senior Software Engineer (PHP),http://stackoverflow.com//jobs/316000/senior-software-engineer-php-psp-media,PSP Media,No office location
Full Stack Engineer,http://stackoverflow.com//jobs/430520/full-stack-engineer-deepgram,Deepgram,"San Francisco, CA"
Senior Software Engineer who likes Microservices - not Micromanagement,http://stackoverflow.com//jobs/421102/senior-software-engineer-who-likes-microservices-praetorian-cybersecurity,"Praetorian Cybersecurity
                        via
Uplink Software Solutions",No office location
Senior Site Reliability Engineer,http://stackoverflow.com//jobs/431397/senior-site-reliability-engineer-blameless,Blameless,No office location
DevOps Engineer,http://stackoverflow.com//jobs/362627/devops-engineer-scrapinghub,Scrapinghub,No office location
Senior Software Engineer (Platform),http://stackoverflow.com//jobs/401772/senior-software-engineer-platform-aloe-care-health,Aloe Care Health,"New York, NY"
Solutions Engineer,http://stackoverflow.com//jobs/431389/solutions-engineer-deepgram,Deepgram,"San Francisco, CA"
Site Reliability Engineer,http://stackoverflow.com//jobs/419684/site-reliability-engineer-sticker-mule,Sticker Mule,No office location
Software Developers and Operations Personnel for Healthcare Platform,http://stackoverflow.com//jobs/379348/software-developers-and-operations-personnel-for-careevolution,CareEvolution,No office location
Senior Software Engineer,http://stackoverflow.com//jobs/414860/senior-software-engineer-qualio,Qualio,"Dublin, Ireland"
Senior Software Engineer - Scala,http://stackoverflow.com//jobs/430375/senior-software-engineer-scala-andela,Andela,No office location
Front-End Developer (React/GraphQL),http://stackoverflow.com//jobs/429079/front-end-developer-react-graphql-apacio-ltd,Apacio Ltd,"Theale, UK"
Senior Distributed Database Engineer,http://stackoverflow.com//jobs/128299/senior-distributed-database-engineer-stardog-union,Stardog Union,"Arlington, VA"
Backend Systems Engineer,http://stackoverflow.com//jobs/426033/backend-systems-engineer-commentsold,CommentSold,No office location
Developer Relations Engineer,http://stackoverflow.com//jobs/420115/developer-relations-engineer-platformsh,Platform.sh,No office location
Senior Software Engineer: Anti-Harassment Tools,http://stackoverflow.com//jobs/415726/senior-software-engineer-anti-harassment-tools-wikimedia-foundation-inc,"Wikimedia Foundation, Inc.",No office location
"Software Engineer, AI",http://stackoverflow.com//jobs/356329/software-engineer-ai-facebook,Facebook,"Pittsburgh, PA"
"Software Engineer, Machine Learning",http://stackoverflow.com//jobs/411872/software-engineer-machine-learning-facebook,Facebook,"Bellevue, WA"
Full Stack Web Developer,http://stackoverflow.com//jobs/425119/full-stack-web-developer-the-christian-chain-inc,"The Christian Chain, Inc.",No office location
MongoDB DBA,http://stackoverflow.com//jobs/415197/mongodb-dba-breezy-hr,Breezy HR,No office location
Werkstudent/in Softwareentwickler C# (m/w/d) - fully remote oder vor Ort,http://stackoverflow.com//jobs/401731/werkstudent-in-softwareentwickler-c-sharp-m-w-d-hahn-softwareentwicklung,Hahn Softwareentwicklung,"Maxhütte-Haidhof, Deutschland"
Senior Data Engineer,http://stackoverflow.com//jobs/380126/senior-data-engineer-avail,Avail,"San Francisco, CA"
Remote Developer in Payments and Wallet Space - Remote EMEA,http://stackoverflow.com//jobs/427725/remote-developer-in-payments-and-wallet-space-tutuka,Tutuka,No office location
Senior Distributed Database Engineer,http://stackoverflow.com//jobs/128299/senior-distributed-database-engineer-stardog-union,Stardog Union,"Arlington, VA"
"Software Engineer, Machine Learning",http://stackoverflow.com//jobs/411872/software-engineer-machine-learning-facebook,Facebook,"Bellevue, WA"
Software Engineer (Leadership) - Infrastructure,http://stackoverflow.com//jobs/410764/software-engineer-leadership-infrastructure-facebook,Facebook,"Los Angeles, CA"
AWS DevOps Engineer - Remote,http://stackoverflow.com//jobs/374863/aws-devops-engineer-remote-semanticbits,SemanticBits,No office location
Senior Data Engineer - Remote,http://stackoverflow.com//jobs/366169/senior-data-engineer-remote-semanticbits,SemanticBits,No office location
Cloud Infrastructure Engineer,http://stackoverflow.com//jobs/424988/cloud-infrastructure-engineer-avenue,Avenue,"São Paulo, Brazil"
"Systems Administrator (Linux, PHP)",http://stackoverflow.com//jobs/430339/systems-administrator-linux-php-compucorp,Compucorp,"London, UK"
DevOps Engineer,http://stackoverflow.com//jobs/430802/devops-engineer-bairesdev-llc,BairesDev LLC,"San Francisco, CA"
Experienced Search Engineer,http://stackoverflow.com//jobs/431393/experienced-search-engineer-bandcamp,Bandcamp,No office location
DevOps Engineer,http://stackoverflow.com//jobs/420134/devops-engineer-idbydna,IDbyDNA,"San Carlos, CA"
Data Engineer,http://stackoverflow.com//jobs/431180/data-engineer-leadfeeder,Leadfeeder,"Helsinki, Finland"
Senior Internet Systems Engineer - DNS,http://stackoverflow.com//jobs/417606/senior-internet-systems-engineer-dns-nominet,Nominet,"Oxford, UK"
Mid-Level Front-end Responsive Developer,http://stackoverflow.com//jobs/418286/mid-level-front-end-responsive-developer-graphic-language,Graphic Language,No office location
DevOps Manager - Remote,http://stackoverflow.com//jobs/414753/devops-manager-remote-semanticbits,SemanticBits,No office location
Site Reliability Engineer,http://stackoverflow.com//jobs/430982/site-reliability-engineer-bairesdev-llc,BairesDev LLC,"San Francisco, CA"
Full Stack Developer - Demand,http://stackoverflow.com//jobs/422931/full-stack-developer-demand-everli,Everli,"Verona, Italy"
Big Data Engineer,http://stackoverflow.com//jobs/430815/big-data-engineer-bairesdev-llc,BairesDev LLC,"San Francisco, CA"
Remote Developer in Payments and Wallet Space - SE Asia,http://stackoverflow.com//jobs/427720/remote-developer-in-payments-and-wallet-space-tutuka,Tutuka,No office location
Mathematical Finance Developer,http://stackoverflow.com//jobs/369499/mathematical-finance-developer-clearlife-limited,ClearLife Limited,No office location
Edge Solutions Engineer,http://stackoverflow.com//jobs/304359/edge-solutions-engineer-grassroots-technologies-inc,"Grassroots Technologies, Inc","San Bruno, CA"
Site Reliability Engineers wanted!,http://stackoverflow.com//jobs/408125/site-reliability-engineers-wanted-magnolia-international-ltd,Magnolia International Ltd.,No office location
Senior Software Engineer - Software Defined Storage,http://stackoverflow.com//jobs/421043/senior-software-engineer-software-defined-suse,SUSE,No office location
Security Engineer,http://stackoverflow.com//jobs/427248/security-engineer-suse,SUSE,"Nuremberg, Germany"
Site Reliability Engineer,http://stackoverflow.com//jobs/308372/site-reliability-engineer-spotme,SpotMe,No office location
Android Sensor Engineer,http://stackoverflow.com//jobs/422705/android-sensor-engineer-crowdstrike-inc,"CrowdStrike, Inc.",No office location
Ruby Developer - Build vulnerable web applications,http://stackoverflow.com//jobs/414750/ruby-developer-build-vulnerable-web-applications-immersive-labs,Immersive Labs,No office location
DevOps Engineer,http://stackoverflow.com//jobs/420134/devops-engineer-idbydna,IDbyDNA,"San Carlos, CA"
Senior Internet Systems Engineer - DNS,http://stackoverflow.com//jobs/417606/senior-internet-systems-engineer-dns-nominet,Nominet,"Oxford, UK"
Mid-Level Front-end Responsive Developer,http://stackoverflow.com//jobs/418286/mid-level-front-end-responsive-developer-graphic-language,Graphic Language,No office location
Senior Software Engineer - Software Defined Storage,http://stackoverflow.com//jobs/421043/senior-software-engineer-software-defined-suse,SUSE,No office location
Sr. Android Sensor Engineer (Remote),http://stackoverflow.com//jobs/419801/sr-android-sensor-engineer-remote-crowdstrike-inc,"CrowdStrike, Inc.",No office location
Senior Infrastructure Automation Engineer,http://stackoverflow.com//jobs/417822/senior-infrastructure-automation-engineer-olo,Olo,No office location
Administrator Schwerpunkt Linux / Automatisierung (m/w/d),http://stackoverflow.com//jobs/273568/administrator-schwerpunkt-linux-automatisierung-via-online-gmbh,ViA-Online GmbH,"Krefeld, Deutschland"
Mathematical Finance Developer,http://stackoverflow.com//jobs/369499/mathematical-finance-developer-clearlife-limited,ClearLife Limited,No office location
Senior Data Engineer (remote),http://stackoverflow.com//jobs/431811/senior-data-engineer-remote-blue-orange-digital,Blue Orange Digital,No office location
Senior Solutions Architect (Remote),http://stackoverflow.com//jobs/372624/senior-solutions-architect-remote-new-context-services,New Context Services,No office location
Senior Data Engineer,http://stackoverflow.com//jobs/380126/senior-data-engineer-avail,Avail,"San Francisco, CA"
AR/VR Tools Engineer,http://stackoverflow.com//jobs/353937/ar-vr-tools-engineer-facebook,Facebook,"Los Angeles, CA"
Senior DevOps Engineer,http://stackoverflow.com//jobs/429380/senior-devops-engineer-altruist,Altruist,No office location
Backend Architect (m/f/d),http://stackoverflow.com//jobs/406432/backend-architect-m-f-d-simscale,SimScale,"München, Germany"
Penetration Tester,http://stackoverflow.com//jobs/423690/penetration-tester-dell-technologies-brazil,Dell Technologies - Brazil,No office location
Security Engineer - Remote,http://stackoverflow.com//jobs/416124/security-engineer-remote-semanticbits,SemanticBits,No office location
Web Application QA Engineer,http://stackoverflow.com//jobs/421956/web-application-qa-engineer-continued,continued,No office location
Linux Engineer,http://stackoverflow.com//jobs/421047/linux-engineer-suse,SUSE,No office location
"SysOps Engineer (Saturday-Wednesday, 12pm-8pm UTC)",http://stackoverflow.com//jobs/394276/sysops-engineer-saturday-wednesday-12pm-8pm-utc-kinsta,Kinsta,No office location
Technical Operations Engineer,http://stackoverflow.com//jobs/408180/technical-operations-engineer-alphapoint,AlphaPoint,No office location
Security DevOps Engineer (HealthTech),http://stackoverflow.com//jobs/420752/security-devops-engineer-healthtech-tigerconnect,TigerConnect,No office location
Cloud Security Engineer - DevSecOps,http://stackoverflow.com//jobs/414278/cloud-security-engineer-devsecops-ns8,NS8,No office location
Software Engineer,https://weworkremotely.com//remote-jobs/podsights-software-engineer-2,Podsights,USA Only
Senior Python Engineer,https://weworkremotely.com//remote-jobs/clevertech-senior-python-engineer,Clevertech,Anywhere (100% Remote) Only
Software Engineer,https://weworkremotely.com//remote-jobs/car-registration-inc-software-engineer,"Car Registration, Inc",Anywhere (100% Remote) Only
Senior Unity Engineer for AI- Remote - EU Time Zone,https://weworkremotely.com//remote-jobs/cvedia-senior-unity-engineer-for-ai-remote-eu-time-zone,CVEDIA,Europe Only
Python Engineer,https://weworkremotely.com//remote-jobs/nearsure-python-engineer,Nearsure,Americas Only
Software Engineer,https://weworkremotely.com//remote-jobs/foxbox-digital-software-engineer,Foxbox Digital,Americas Only
Fullstack Engineer,https://weworkremotely.com//remote-jobs/postscript-fullstack-engineer-1,Postscript,North America Only
Senior Software Developer,https://weworkremotely.com//remote-jobs/qualio-senior-software-developer,Qualio,Europe
Full Stack Web Developer (Typescript/Node/Angular),https://weworkremotely.com//remote-jobs/loss-control-plus-full-stack-web-developer-typescript-node-angular-1,Loss Control Plus,Anywhere (100% Remote) Only
Product Engineer,https://weworkremotely.com//remote-jobs/chartable-product-engineer,Chartable,USA Only
"Software Engineer (Full Time, Remote)",https://weworkremotely.com//remote-jobs/42-tech-software-engineer-full-time-remote,42 TECH,Anywhere (100% Remote) Only
Software Engineer for Digital Agency,https://weworkremotely.com//remote-jobs/clear-summit-software-engineer-for-digital-agency,Clear Summit,Americas Only
Machine Learning Engineer (Python) – BioTech,https://weworkremotely.com//remote-jobs/data-revenue-machine-learning-engineer-python-biotech,Data Revenue,Anywhere (100% Remote) Only
Ruby on Rails Developer,https://weworkremotely.com//remote-jobs/power-home-remodeling-ruby-on-rails-developer,Power Home Remodeling,USA Only
SENIOR PYTHON DEVELOPER,https://weworkremotely.com//remote-jobs/dewaele-vastgoedgroep-senior-python-developer,Dewaele Vastgoedgroep,Europe Only
Python Full Stack Software Developer (senior) - remote,https://weworkremotely.com//remote-jobs/bubbling-python-full-stack-software-developer-senior-remote,Bubbling,Anywhere (100% Remote) Only
Senior Backend Engineer,https://weworkremotely.com//remote-jobs/primer-ai-senior-backend-engineer,Primer.ai,Anywhere (100% Remote) Only
Software Engineering Mentor,https://weworkremotely.com//remote-jobs/springboard-software-engineering-mentor-1,Springboard,Anywhere (100% Remote) Only
Full Stack Tech/Team Lead,https://weworkremotely.com//remote-jobs/uploan-full-stack-tech-team-lead,Uploan,Anywhere (100% Remote) Only
Python Developer,https://weworkremotely.com//remote-jobs/webinterpret-python-developer,Webinterpret,Europe Only
iOS Developer,https://weworkremotely.com//remote-jobs/doximity-ios-developer,Doximity,Anywhere (100% Remote) Only
Front-End Developer (Part-time),https://weworkremotely.com//remote-jobs/inferlink-front-end-developer-part-time,InferLink,USA Only
Senior Android Engineer,https://weworkremotely.com//remote-jobs/elevate-labs-senior-android-engineer-1,Elevate Labs,North America Only
"Software Engineer, Data Engineering",https://weworkremotely.com//remote-jobs/doximity-software-engineer-data-engineering,Doximity,USA Only
Software Development Engineer - Test (SDET),https://weworkremotely.com//remote-jobs/bevy-software-development-engineer-test-sdet,Bevy,Anywhere (100% Remote) Only
Python Developer (Rust a huge plus),https://weworkremotely.com//remote-jobs/x-team-python-developer-rust-a-huge-plus,X-Team,Anywhere (100% Remote) Only
Senior Go Developer,https://weworkremotely.com//remote-jobs/x-team-senior-go-developer,X-Team,Anywhere (100% Remote) Only
Integrations Engineer,https://weworkremotely.com//remote-jobs/x-team-integrations-engineer,X-Team,Anywhere (100% Remote) Only
Data Engineer,https://weworkremotely.com//remote-jobs/reify-health-data-engineer-1,Reify Health,USA Only
Senior Backend Engineer,https://weworkremotely.com//remote-jobs/smartia-senior-backend-engineer,Smartia,Anywhere (100% Remote) Only
Full Stack Developer (Python & Vue.js),https://weworkremotely.com//remote-jobs/unhaggle-inc-full-stack-developer-python-vue-js-2,Unhaggle Inc.,Any
Senior Site Reliability Engineer - Software Engineering,https://weworkremotely.com//remote-jobs/freetrade-senior-site-reliability-engineer-software-engineering,Freetrade,Europe Only
"Senior Engineer, Manager",https://weworkremotely.com//remote-jobs/doximity-senior-engineer-manager,Doximity,North America Only
Senior Full Stack Engineer,https://weworkremotely.com//remote-jobs/sector-labs-senior-full-stack-engineer,Sector Labs,Europe Only
Senior Software Engineer - Ruby/React/Python,https://weworkremotely.com//remote-jobs/quill-org-senior-software-engineer-ruby-react-python,Quill.org,USA Only
Cryptocurrency Trading Systems Developer (Remote),https://weworkremotely.com//remote-jobs/kenetic-capital-cryptocurrency-trading-systems-developer-remote,Kenetic Capital,Anywhere (100% Remote) Only
"Software Engineer, Android (Kotlin)",https://weworkremotely.com//remote-jobs/doximity-software-engineer-android-kotlin,Doximity,North America Only
"Software Engineer, Full Stack",https://weworkremotely.com//remote-jobs/doximity-software-engineer-full-stack,Doximity,USA Only
Engineering Lead,https://weworkremotely.com//remote-jobs/minicorp-engineering-lead,MiniCorp,Anywhere (100% Remote) Only
Senior Analytics Engineer,https://weworkremotely.com//remote-jobs/tesorio-senior-analytics-engineer,Tesorio,Americas Only
Full Stack Developer,https://weworkremotely.com//remote-jobs/techchange-full-stack-developer,TechChange,Anywhere (100% Remote) Only
Data Analytics Engineer,https://weworkremotely.com//remote-jobs/reify-health-data-analytics-engineer-2,Reify Health,USA Only
Mobile Application Developer (Python),https://weworkremotely.com//remote-jobs/kickback-rewards-system-mobile-application-developer-python,Kickback Rewards System,Anywhere (100% Remote) Only
Senior Product Engineer (Remote - Anywhere),https://weworkremotely.com//remote-jobs/dataquest-senior-product-engineer-remote-anywhere,Dataquest,Anywhere (100% Remote) Only
Python Developer,https://remoteok.io//remote-jobs/98788-remote-python-developer-bairesdev,BairesDev,No location
SR Django Developer,https://remoteok.io//remote-jobs/98666-remote-sr-django-developer-trafilea,Trafilea,No location
Senior Software Engineer Python Tornado AWS,https://remoteok.io//remote-jobs/98654-remote-senior-software-engineer-python-tornado-aws-verys,Verys,No location
Python Developer,https://remoteok.io//remote-jobs/98637-remote-python-developer-yougov,YouGov,No location
Principal Python Software Developer,https://remoteok.io//remote-jobs/98621-remote-principal-python-software-developer-railroad19,Railroad19,No location
Experienced Python Developer,https://remoteok.io//remote-jobs/98580-remote-experienced-python-developer-shiphero,ShipHero,No location
Senior Full Stack Python Developer,https://remoteok.io//remote-jobs/98420-remote-senior-full-stack-python-developer-repay,REPAY,No location
Senior Python Developer,https://remoteok.io//remote-jobs/98409-remote-senior-python-developer-adspert-bidmanagement,Adspert Bidmanagement,No location
Expert Django Developer,https://remoteok.io//remote-jobs/98165-remote-expert-django-developer-appevolve,AppEvolve,No location
Python Developer,https://remoteok.io//remote-jobs/98046-remote-python-developer-peopledoc,PeopleDoc,No location
Senior Python Developer,https://remoteok.io//remote-jobs/97840-remote-senior-python-developer-flashpoint,Flashpoint,No location
Python Developer,https://remoteok.io//remote-jobs/97815-remote-python-developer-ucraft,UCRAFT,No location
Python Developer,https://remoteok.io//remote-jobs/97638-remote-python-developer-upstack,Upstack,No location
Python Full Stack Developer,https://remoteok.io//remote-jobs/97466-remote-python-full-stack-developer-repay,REPAY,No location
